fold,surface,recommendation_status,scope_state,orientations,matches,players,available_orientations,abstained_orientations,coverage_rate,abstention_rate,reason_code
2020,<ALL>,available_full,surface_common,188,100,51,213,123,0.6339285714285714,0.36607142857142855,
2020,<ALL>,available_full,global_common,25,14,23,213,123,0.6339285714285714,0.36607142857142855,
2020,<ALL>,abstained_incomparable_scope,mixed_incomparable,24,18,18,213,123,0.6339285714285714,0.36607142857142855,mixed_direction_scopes
2020,<ALL>,abstained_insufficient_evidence,insufficient_evidence,99,53,70,213,123,0.6339285714285714,0.36607142857142855,insufficient_direction_evidence
2020,<ALL>,not_available_invalid_input,invalid_input,0,0,0,213,123,0.6339285714285714,0.36607142857142855,invalid_input
2020,Hard,available_full,surface_common,179,95,51,192,96,0.6666666666666666,0.3333333333333333,
2020,Hard,available_full,global_common,13,8,11,192,96,0.6666666666666666,0.3333333333333333,
2020,Hard,abstained_incomparable_scope,mixed_incomparable,17,14,14,192,96,0.6666666666666666,0.3333333333333333,mixed_direction_scopes
2020,Hard,abstained_insufficient_evidence,insufficient_evidence,79,43,58,192,96,0.6666666666666666,0.3333333333333333,insufficient_direction_evidence
2020,Hard,not_available_invalid_input,invalid_input,0,0,0,192,96,0.6666666666666666,0.3333333333333333,invalid_input
2020,Clay,available_full,surface_common,9,5,8,21,27,0.4375,0.5625,
2020,Clay,available_full,global_common,12,6,12,21,27,0.4375,0.5625,
2020,Clay,abstained_incomparable_scope,mixed_incomparable,7,4,6,21,27,0.4375,0.5625,mixed_direction_scopes
2020,Clay,abstained_insufficient_evidence,insufficient_evidence,20,10,16,21,27,0.4375,0.5625,insufficient_direction_evidence
2020,Clay,not_available_invalid_input,invalid_input,0,0,0,21,27,0.4375,0.5625,invalid_input
2020,Grass,available_full,surface_common,0,0,0,0,0,0.0,0.0,
2020,Grass,available_full,global_common,0,0,0,0,0,0.0,0.0,
2020,Grass,abstained_incomparable_scope,mixed_incomparable,0,0,0,0,0,0.0,0.0,mixed_direction_scopes
2020,Grass,abstained_insufficient_evidence,insufficient_evidence,0,0,0,0,0,0.0,0.0,insufficient_direction_evidence
2020,Grass,not_available_invalid_input,invalid_input,0,0,0,0,0,0.0,0.0,invalid_input
2021,<ALL>,available_full,surface_common,327,176,64,425,317,0.5727762803234502,0.4272237196765499,
2021,<ALL>,available_full,global_common,98,61,44,425,317,0.5727762803234502,0.4272237196765499,
2021,<ALL>,abstained_incomparable_scope,mixed_incomparable,63,44,31,425,317,0.5727762803234502,0.4272237196765499,mixed_direction_scopes
2021,<ALL>,abstained_insufficient_evidence,insufficient_evidence,254,140,129,425,317,0.5727762803234502,0.4272237196765499,insufficient_direction_evidence
2021,<ALL>,not_available_invalid_input,invalid_input,0,0,0,425,317,0.5727762803234502,0.4272237196765499,invalid_input
2021,Hard,available_full,surface_common,285,150,62,304,194,0.6104417670682731,0.3895582329317269,
2021,Hard,available_full,global_common,19,14,17,304,194,0.6104417670682731,0.3895582329317269,
2021,Hard,abstained_incomparable_scope,mixed_incomparable,32,22,25,304,194,0.6104417670682731,0.3895582329317269,mixed_direction_scopes
2021,Hard,abstained_insufficient_evidence,insufficient_evidence,162,88,92,304,194,0.6104417670682731,0.3895582329317269,insufficient_direction_evidence
2021,Hard,not_available_invalid_input,invalid_input,0,0,0,304,194,0.6104417670682731,0.3895582329317269,invalid_input
2021,Clay,available_full,surface_common,38,23,17,86,102,0.4574468085106383,0.5425531914893617,
2021,Clay,available_full,global_common,48,31,31,86,102,0.4574468085106383,0.5425531914893617,
2021,Clay,abstained_incomparable_scope,mixed_incomparable,21,16,15,86,102,0.4574468085106383,0.5425531914893617,mixed_direction_scopes
2021,Clay,abstained_insufficient_evidence,insufficient_evidence,81,46,59,86,102,0.4574468085106383,0.5425531914893617,insufficient_direction_evidence
2021,Clay,not_available_invalid_input,invalid_input,0,0,0,86,102,0.4574468085106383,0.5425531914893617,invalid_input
2021,Grass,available_full,surface_common,4,3,4,35,21,0.625,0.375,
2021,Grass,available_full,global_common,31,16,21,35,21,0.625,0.375,
2021,Grass,abstained_incomparable_scope,mixed_incomparable,10,6,7,35,21,0.625,0.375,mixed_direction_scopes
2021,Grass,abstained_insufficient_evidence,insufficient_evidence,11,6,10,35,21,0.625,0.375,insufficient_direction_evidence
2021,Grass,not_available_invalid_input,invalid_input,0,0,0,35,21,0.625,0.375,invalid_input
2022,<ALL>,available_full,surface_common,657,347,80,821,471,0.6354489164086687,0.36455108359133126,
2022,<ALL>,available_full,global_common,164,92,63,821,471,0.6354489164086687,0.36455108359133126,
2022,<ALL>,abstained_incomparable_scope,mixed_incomparable,83,62,44,821,471,0.6354489164086687,0.36455108359133126,mixed_direction_scopes
2022,<ALL>,abstained_insufficient_evidence,insufficient_evidence,388,206,189,821,471,0.6354489164086687,0.36455108359133126,insufficient_direction_evidence
2022,<ALL>,not_available_invalid_input,invalid_input,0,0,0,821,471,0.6354489164086687,0.36455108359133126,invalid_input
2022,Hard,available_full,surface_common,486,251,73,533,273,0.6612903225806451,0.3387096774193548,
2022,Hard,available_full,global_common,47,28,28,533,273,0.6612903225806451,0.3387096774193548,
2022,Hard,abstained_incomparable_scope,mixed_incomparable,43,30,27,533,273,0.6612903225806451,0.3387096774193548,mixed_direction_scopes
2022,Hard,abstained_insufficient_evidence,insufficient_evidence,230,122,133,533,273,0.6612903225806451,0.3387096774193548,insufficient_direction_evidence
2022,Hard,not_available_invalid_input,invalid_input,0,0,0,533,273,0.6612903225806451,0.3387096774193548,invalid_input
2022,Clay,available_full,surface_common,154,85,39,197,157,0.556497175141243,0.4435028248587571,
2022,Clay,available_full,global_common,43,25,29,197,157,0.556497175141243,0.4435028248587571,
2022,Clay,abstained_incomparable_scope,mixed_incomparable,29,24,20,197,157,0.556497175141243,0.4435028248587571,mixed_direction_scopes
2022,Clay,abstained_insufficient_evidence,insufficient_evidence,128,67,92,197,157,0.556497175141243,0.4435028248587571,insufficient_direction_evidence
2022,Clay,not_available_invalid_input,invalid_input,0,0,0,197,157,0.556497175141243,0.4435028248587571,invalid_input
2022,Grass,available_full,surface_common,17,11,8,91,41,0.6893939393939394,0.3106060606060606,
2022,Grass,available_full,global_common,74,39,36,91,41,0.6893939393939394,0.3106060606060606,
2022,Grass,abstained_incomparable_scope,mixed_incomparable,11,8,10,91,41,0.6893939393939394,0.3106060606060606,mixed_direction_scopes
2022,Grass,abstained_insufficient_evidence,insufficient_evidence,30,17,22,91,41,0.6893939393939394,0.3106060606060606,insufficient_direction_evidence
2022,Grass,not_available_invalid_input,invalid_input,0,0,0,91,41,0.6893939393939394,0.3106060606060606,invalid_input
2023,<ALL>,available_full,surface_common,672,348,77,836,404,0.6741935483870968,0.3258064516129032,
2023,<ALL>,available_full,global_common,164,91,72,836,404,0.6741935483870968,0.3258064516129032,
2023,<ALL>,abstained_incomparable_scope,mixed_incomparable,77,55,45,836,404,0.6741935483870968,0.3258064516129032,mixed_direction_scopes
2023,<ALL>,abstained_insufficient_evidence,insufficient_evidence,327,173,144,836,404,0.6741935483870968,0.3258064516129032,insufficient_direction_evidence
2023,<ALL>,not_available_invalid_input,invalid_input,0,0,0,836,404,0.6741935483870968,0.3258064516129032,invalid_input
2023,Hard,available_full,surface_common,544,278,72,568,206,0.7338501291989664,0.2661498708010336,
2023,Hard,available_full,global_common,24,15,18,568,206,0.7338501291989664,0.2661498708010336,
2023,Hard,abstained_incomparable_scope,mixed_incomparable,28,21,22,568,206,0.7338501291989664,0.2661498708010336,mixed_direction_scopes
2023,Hard,abstained_insufficient_evidence,insufficient_evidence,178,93,107,568,206,0.7338501291989664,0.2661498708010336,insufficient_direction_evidence
2023,Hard,not_available_invalid_input,invalid_input,0,0,0,568,206,0.7338501291989664,0.2661498708010336,invalid_input
2023,Clay,available_full,surface_common,107,57,35,174,140,0.554140127388535,0.445859872611465,
2023,Clay,available_full,global_common,67,38,42,174,140,0.554140127388535,0.445859872611465,
2023,Clay,abstained_incomparable_scope,mixed_incomparable,35,24,24,174,140,0.554140127388535,0.445859872611465,mixed_direction_scopes
2023,Clay,abstained_insufficient_evidence,insufficient_evidence,105,57,60,174,140,0.554140127388535,0.445859872611465,insufficient_direction_evidence
2023,Clay,not_available_invalid_input,invalid_input,0,0,0,174,140,0.554140127388535,0.445859872611465,invalid_input
2023,Grass,available_full,surface_common,21,13,10,94,58,0.618421052631579,0.3815789473684211,
2023,Grass,available_full,global_common,73,38,40,94,58,0.618421052631579,0.3815789473684211,
2023,Grass,abstained_incomparable_scope,mixed_incomparable,14,10,12,94,58,0.618421052631579,0.3815789473684211,mixed_direction_scopes
2023,Grass,abstained_insufficient_evidence,insufficient_evidence,44,23,33,94,58,0.618421052631579,0.3815789473684211,insufficient_direction_evidence
2023,Grass,not_available_invalid_input,invalid_input,0,0,0,94,58,0.618421052631579,0.3815789473684211,invalid_input
pooled,<ALL>,available_full,surface_common,1844,971,109,2295,1315,0.6357340720221607,0.36426592797783935,
pooled,<ALL>,available_full,global_common,451,258,110,2295,1315,0.6357340720221607,0.36426592797783935,
pooled,<ALL>,abstained_incomparable_scope,mixed_incomparable,247,179,77,2295,1315,0.6357340720221607,0.36426592797783935,mixed_direction_scopes
pooled,<ALL>,abstained_insufficient_evidence,insufficient_evidence,1068,572,313,2295,1315,0.6357340720221607,0.36426592797783935,insufficient_direction_evidence
pooled,<ALL>,not_available_invalid_input,invalid_input,0,0,0,2295,1315,0.6357340720221607,0.36426592797783935,invalid_input
pooled,Hard,available_full,surface_common,1494,774,103,1597,769,0.6749788672865596,0.3250211327134404,
pooled,Hard,available_full,global_common,103,65,55,1597,769,0.6749788672865596,0.3250211327134404,
pooled,Hard,abstained_incomparable_scope,mixed_incomparable,120,87,64,1597,769,0.6749788672865596,0.3250211327134404,mixed_direction_scopes
pooled,Hard,abstained_insufficient_evidence,insufficient_evidence,649,346,242,1597,769,0.6749788672865596,0.3250211327134404,insufficient_direction_evidence
pooled,Hard,not_available_invalid_input,invalid_input,0,0,0,1597,769,0.6749788672865596,0.3250211327134404,invalid_input
pooled,Clay,available_full,surface_common,308,170,51,478,426,0.5287610619469026,0.47123893805309736,
pooled,Clay,available_full,global_common,170,100,73,478,426,0.5287610619469026,0.47123893805309736,
pooled,Clay,abstained_incomparable_scope,mixed_incomparable,92,68,43,478,426,0.5287610619469026,0.47123893805309736,mixed_direction_scopes
pooled,Clay,abstained_insufficient_evidence,insufficient_evidence,334,180,169,478,426,0.5287610619469026,0.47123893805309736,insufficient_direction_evidence
pooled,Clay,not_available_invalid_input,invalid_input,0,0,0,478,426,0.5287610619469026,0.47123893805309736,invalid_input
pooled,Grass,available_full,surface_common,42,27,16,220,120,0.6470588235294118,0.35294117647058826,
pooled,Grass,available_full,global_common,178,93,71,220,120,0.6470588235294118,0.35294117647058826,
pooled,Grass,abstained_incomparable_scope,mixed_incomparable,35,24,21,220,120,0.6470588235294118,0.35294117647058826,mixed_direction_scopes
pooled,Grass,abstained_insufficient_evidence,insufficient_evidence,85,46,55,220,120,0.6470588235294118,0.35294117647058826,insufficient_direction_evidence
pooled,Grass,not_available_invalid_input,invalid_input,0,0,0,220,120,0.6470588235294118,0.35294117647058826,invalid_input
