fold,surface,rank,direction,comparison_scope,orientations,direction_share,mean_score,median_score,mean_score_gap_from_rank_1,median_score_gap_from_rank_1,observed_points,observed_server_wins,observed_win_rate
2020,<ALL>,1,wide,surface,92,0.48936170212765956,0.5332478045085207,0.5297653601349355,0.0,0.0,1239,627,0.5060532687651331
2020,<ALL>,1,body,surface,59,0.31382978723404253,0.5209847375661051,0.5220087610144972,0.0,0.0,867,402,0.46366782006920415
2020,<ALL>,1,T,surface,37,0.19680851063829788,0.528267328719152,0.5323770491803279,0.0,0.0,372,195,0.5241935483870968
2020,<ALL>,1,wide,global,14,0.56,0.5355531570427473,0.5317986882839513,0.0,0.0,164,80,0.4878048780487805
2020,<ALL>,1,body,global,5,0.2,0.5406556278661612,0.5469655110952678,0.0,0.0,80,41,0.5125
2020,<ALL>,1,T,global,6,0.24,0.5490272524084439,0.5684600199058905,0.0,0.0,52,20,0.38461538461538464
2020,<ALL>,2,wide,surface,69,0.3670212765957447,0.5045983677195746,0.5041354556803994,0.019435954398969443,0.011779276172626196,820,405,0.49390243902439024
2020,<ALL>,2,body,surface,53,0.28191489361702127,0.5102309722268846,0.5119333427481993,0.023005208543339713,0.016491341215552735,713,362,0.5077138849929874
2020,<ALL>,2,T,surface,66,0.35106382978723405,0.5073015221637035,0.505895130756683,0.021833370060407427,0.014468475604379194,565,275,0.48672566371681414
2020,<ALL>,2,wide,global,4,0.16,0.5036359790524558,0.5011628505830215,0.007323309696785241,0.007741063462192721,39,19,0.48717948717948717
2020,<ALL>,2,body,global,10,0.4,0.529580828508154,0.544814944462011,0.030510073327624183,0.022195337356544775,123,61,0.4959349593495935
2020,<ALL>,2,T,global,11,0.44,0.5126080465309637,0.4991379310344828,0.0192501061076895,0.019230153567420194,122,53,0.4344262295081967
2020,<ALL>,3,wide,surface,27,0.14361702127659576,0.47748655321326805,0.48248645102728105,0.04568464874337206,0.029972342472342484,288,148,0.5138888888888888
2020,<ALL>,3,body,surface,76,0.40425531914893614,0.48379372642813445,0.48322842706375446,0.04703747878990059,0.03856746109983175,994,485,0.4879275653923541
2020,<ALL>,3,T,surface,85,0.4521276595744681,0.482279981292189,0.48194428844209813,0.04564936746537324,0.04006261300662595,807,373,0.46220570012391576
2020,<ALL>,3,wide,global,7,0.28,0.5200544880179263,0.5185257107348143,0.044746154665574425,0.037674736841020184,82,39,0.47560975609756095
2020,<ALL>,3,body,global,10,0.4,0.4859316530495736,0.4878221155698841,0.033168216419560775,0.033157287773078775,119,58,0.48739495798319327
2020,<ALL>,3,T,global,8,0.32,0.48539566773588294,0.4993398344691002,0.05842716462712744,0.042831898273396035,47,21,0.44680851063829785
2020,Hard,1,wide,surface,91,0.5083798882681564,0.5332681231347264,0.5296132667435011,0.0,0.0,1217,618,0.5078060805258833
2020,Hard,1,body,surface,58,0.3240223463687151,0.5213075484509255,0.5231501294951029,0.0,0.0,845,392,0.463905325443787
2020,Hard,1,T,surface,30,0.16759776536312848,0.5300719941515685,0.5336925991640852,0.0,0.0,296,157,0.5304054054054054
2020,Hard,1,wide,global,9,0.6923076923076923,0.5398580201620161,0.5332123411978222,0.0,0.0,67,37,0.5522388059701493
2020,Hard,1,body,global,2,0.15384615384615385,0.5660808686726304,0.5660808686726304,0.0,0.0,41,25,0.6097560975609756
2020,Hard,1,T,global,2,0.15384615384615385,0.5290380651703779,0.5290380651703779,0.0,0.0,16,7,0.4375
2020,Hard,2,wide,surface,65,0.36312849162011174,0.5048348275165908,0.5041354556803994,0.019679642324826344,0.011779276172626196,764,378,0.49476439790575916
2020,Hard,2,body,surface,48,0.2681564245810056,0.5109549237694962,0.5125461148367909,0.023400355677949805,0.01638956507770395,591,301,0.5093062605752962
2020,Hard,2,T,surface,66,0.3687150837988827,0.5073015221637035,0.505895130756683,0.021833370060407427,0.014468475604379194,565,275,0.48672566371681414
2020,Hard,2,wide,global,2,0.15384615384615385,0.5061091075218902,0.5061091075218902,0.00890214264819883,0.00890214264819883,10,5,0.5
2020,Hard,2,body,global,7,0.5384615384615384,0.5187160233059638,0.5235513024986709,0.03272581592973585,0.020928888046094274,84,39,0.4642857142857143
2020,Hard,2,T,global,4,0.3076923076923077,0.5350450794318121,0.5400242504409172,0.0046660891067095145,0.004724789985460276,29,13,0.4482758620689655
2020,Hard,3,wide,surface,23,0.12849162011173185,0.47693535091219413,0.48248645102728105,0.046741044522963335,0.028424206519774176,233,121,0.51931330472103
2020,Hard,3,body,surface,73,0.40782122905027934,0.4839862786603703,0.48348418949100735,0.04725352430305098,0.037816283538208706,945,462,0.4888888888888889
2020,Hard,3,T,surface,83,0.46368715083798884,0.4817913871196978,0.4817506628778879,0.04640540961069328,0.04110356266449766,771,358,0.46433203631647213
2020,Hard,3,wide,global,2,0.15384615384615385,0.524227674826508,0.524227674826508,0.055880008846411255,0.055880008846411255,15,6,0.4
2020,Hard,3,body,global,4,0.3076923076923077,0.48249705088237266,0.47904940130391577,0.03167930840487827,0.03209848930580597,49,25,0.5102040816326531
2020,Hard,3,T,global,7,0.5384615384615384,0.4869547615664461,0.49949065196548414,0.06047941624059945,0.04160239321396875,44,21,0.4772727272727273
2020,Clay,1,wide,surface,1,0.1111111111111111,0.5313988095238096,0.5313988095238096,0.0,0.0,22,9,0.4090909090909091
2020,Clay,1,body,surface,1,0.1111111111111111,0.502261706246526,0.502261706246526,0.0,0.0,22,10,0.45454545454545453
2020,Clay,1,T,surface,7,0.7777777777777778,0.5205330482945101,0.5263998296785182,0.0,0.0,76,38,0.5
2020,Clay,1,wide,global,5,0.4166666666666667,0.5278044034280637,0.5251691049237062,0.0,0.0,97,43,0.44329896907216493
2020,Clay,1,body,global,3,0.25,0.5237054673285152,0.5185434142547636,0.0,0.0,39,16,0.41025641025641024
2020,Clay,1,T,global,4,0.3333333333333333,0.5590218460274768,0.5684600199058905,0.0,0.0,36,13,0.3611111111111111
2020,Clay,2,wide,surface,4,0.4444444444444444,0.5007558960180631,0.5058106186218456,0.01547602560379481,0.013871584611423043,56,27,0.48214285714285715
2020,Clay,2,body,surface,5,0.5555555555555556,0.5032810374178119,0.5011992471711538,0.019211796051082863,0.02218388651578307,122,61,0.5
2020,Clay,2,T,surface,0,0.0,,,,,0,0,
2020,Clay,2,wide,global,2,0.16666666666666666,0.5011628505830215,0.5011628505830215,0.005744476745371652,0.005744476745371652,29,14,0.4827586206896552
2020,Clay,2,body,global,3,0.25,0.554932040646598,0.5546328671328671,0.02534000725603029,0.023461786666995277,39,22,0.5641025641025641
2020,Clay,2,T,global,7,0.5833333333333334,0.4997868848733363,0.4982785955204626,0.02758383010824949,0.02915980553595232,93,40,0.43010752688172044
2020,Clay,3,wide,surface,4,0.4444444444444444,0.48065596644444375,0.47855839983147946,0.03961037301072226,0.03464151500777962,55,27,0.4909090909090909
2020,Clay,3,body,surface,3,0.3333333333333333,0.47910828877706074,0.47534877421102534,0.04178037130324117,0.046591510644515166,49,23,0.46938775510204084
2020,Clay,3,T,surface,2,0.2222222222222222,0.5025566394505763,0.5025566394505763,0.014273618434591573,0.014273618434591573,36,15,0.4166666666666667
2020,Clay,3,wide,global,5,0.4166666666666667,0.5183852132944937,0.5185257107348143,0.0402926129932397,0.030904149075785314,67,33,0.4925373134328358
2020,Clay,3,body,global,6,0.5,0.4882213878277077,0.4878221155698841,0.034160821762682446,0.034143981251184785,70,33,0.4714285714285714
2020,Clay,3,T,global,1,0.08333333333333333,0.47448201092194026,0.47448201092194026,0.04406140333282332,0.04406140333282332,3,0,0.0
2020,Grass,1,wide,surface,0,,,,,,0,0,
2020,Grass,1,body,surface,0,,,,,,0,0,
2020,Grass,1,T,surface,0,,,,,,0,0,
2020,Grass,1,wide,global,0,,,,,,0,0,
2020,Grass,1,body,global,0,,,,,,0,0,
2020,Grass,1,T,global,0,,,,,,0,0,
2020,Grass,2,wide,surface,0,,,,,,0,0,
2020,Grass,2,body,surface,0,,,,,,0,0,
2020,Grass,2,T,surface,0,,,,,,0,0,
2020,Grass,2,wide,global,0,,,,,,0,0,
2020,Grass,2,body,global,0,,,,,,0,0,
2020,Grass,2,T,global,0,,,,,,0,0,
2020,Grass,3,wide,surface,0,,,,,,0,0,
2020,Grass,3,body,surface,0,,,,,,0,0,
2020,Grass,3,T,surface,0,,,,,,0,0,
2020,Grass,3,wide,global,0,,,,,,0,0,
2020,Grass,3,body,global,0,,,,,,0,0,
2020,Grass,3,T,global,0,,,,,,0,0,
2021,<ALL>,1,wide,surface,162,0.4954128440366973,0.5336022783274101,0.5295571018760508,0.0,0.0,1539,820,0.5328135152696556
2021,<ALL>,1,body,surface,96,0.29357798165137616,0.5169702935499249,0.5198902564721493,0.0,0.0,1221,605,0.4954954954954955
2021,<ALL>,1,T,surface,69,0.21100917431192662,0.5270719401185215,0.5247317553715487,0.0,0.0,594,273,0.4595959595959596
2021,<ALL>,1,wide,global,51,0.5204081632653061,0.5384310036758242,0.5354938271604939,0.0,0.0,515,284,0.5514563106796116
2021,<ALL>,1,body,global,38,0.3877551020408163,0.5258106042788774,0.5240733644227353,0.0,0.0,484,247,0.5103305785123967
2021,<ALL>,1,T,global,9,0.09183673469387756,0.5362511301254964,0.5432765399737877,0.0,0.0,75,42,0.56
2021,<ALL>,2,wide,surface,114,0.3486238532110092,0.49991823811000596,0.49812966393024016,0.02092230493286804,0.016447631918940886,1094,554,0.506398537477148
2021,<ALL>,2,body,surface,132,0.4036697247706422,0.5103267252931035,0.5123494016762633,0.01902980358330389,0.015590754109020222,1677,858,0.5116279069767442
2021,<ALL>,2,T,surface,81,0.24770642201834864,0.5054767385693234,0.5081049465240641,0.027730636979291182,0.026560154516793277,730,344,0.4712328767123288
2021,<ALL>,2,wide,global,32,0.32653061224489793,0.503859656246714,0.5031300225008035,0.022267249411108855,0.02300965089337717,330,160,0.48484848484848486
2021,<ALL>,2,body,global,32,0.32653061224489793,0.5126116108616127,0.5098477451476071,0.024456438815641662,0.018210138678843968,357,178,0.49859943977591037
2021,<ALL>,2,T,global,34,0.3469387755102041,0.5109994570152078,0.5084847021721326,0.02561247682218548,0.021109119355224526,339,181,0.5339233038348082
2021,<ALL>,3,wide,surface,51,0.1559633027522936,0.48508611705919863,0.4901074140379036,0.036899964158117866,0.030399066439025457,416,205,0.49278846153846156
2021,<ALL>,3,body,surface,99,0.30275229357798167,0.48882616814216934,0.487113895887371,0.04588566161068556,0.04177167104027213,1152,590,0.5121527777777778
2021,<ALL>,3,T,surface,177,0.5412844036697247,0.47626885364836047,0.47744107744107744,0.04849340539342152,0.044950881247463326,1456,715,0.49107142857142855
2021,<ALL>,3,wide,global,15,0.15306122448979592,0.4872599043715989,0.4880418255689324,0.04414023914016591,0.038422270729221386,153,79,0.5163398692810458
2021,<ALL>,3,body,global,28,0.2857142857142857,0.4926823479024178,0.493332710409206,0.04660564384488094,0.05185854957838454,411,196,0.4768856447688564
2021,<ALL>,3,T,global,55,0.5612244897959183,0.47307221976355546,0.47325757575757577,0.05776375113813555,0.05213290092208611,576,297,0.515625
2021,Hard,1,wide,surface,143,0.5017543859649123,0.5323781739459285,0.529085910652921,0.0,0.0,1328,694,0.5225903614457831
2021,Hard,1,body,surface,87,0.30526315789473685,0.5159206464989466,0.514816193311956,0.0,0.0,1107,554,0.5004516711833785
2021,Hard,1,T,surface,55,0.19298245614035087,0.531512048340399,0.5316117157616109,0.0,0.0,480,215,0.4479166666666667
2021,Hard,1,wide,global,12,0.631578947368421,0.5314619185937229,0.535103328776871,0.0,0.0,124,67,0.5403225806451613
2021,Hard,1,body,global,5,0.2631578947368421,0.5253300693291154,0.5313307493540051,0.0,0.0,53,20,0.37735849056603776
2021,Hard,1,T,global,2,0.10526315789473684,0.5323965070187464,0.5323965070187464,0.0,0.0,12,6,0.5
2021,Hard,2,wide,surface,100,0.3508771929824561,0.5011530715717938,0.4995907038044724,0.020810069953877866,0.016648349932917472,921,484,0.5255157437567861
2021,Hard,2,body,surface,115,0.40350877192982454,0.5106508750279041,0.5129060695824254,0.018857309490510288,0.015460621861154378,1468,752,0.5122615803814714
2021,Hard,2,T,surface,70,0.24561403508771928,0.5027260979808977,0.5043088504924644,0.028110793536434767,0.02689946906690388,580,271,0.4672413793103448
2021,Hard,2,wide,global,5,0.2631578947368421,0.5069669475250015,0.5096791897420545,0.01627812701525977,0.0102862380885419,55,31,0.5636363636363636
2021,Hard,2,body,global,7,0.3684210526315789,0.5058670144814917,0.5191896942998264,0.031980670900265275,0.02557116470234222,62,36,0.5806451612903226
2021,Hard,2,T,global,7,0.3684210526315789,0.4990209931174826,0.4986038551612322,0.027811465944537667,0.03272689419277297,66,32,0.48484848484848486
2021,Hard,3,wide,surface,42,0.14736842105263157,0.4846783341492997,0.4801559109714695,0.03727273136410886,0.03003970765093389,285,134,0.47017543859649125
2021,Hard,3,body,surface,83,0.2912280701754386,0.4892203405409355,0.487113895887371,0.04656038612619782,0.04197712863937775,961,488,0.5078043704474505
2021,Hard,3,T,surface,160,0.5614035087719298,0.4760032798430977,0.47617534750192825,0.04810042461604504,0.04447775809835541,1251,623,0.4980015987210232
2021,Hard,3,wide,global,2,0.10526315789473684,0.4944350690675996,0.4944350690675996,0.04317392492328262,0.04317392492328262,28,16,0.5714285714285714
2021,Hard,3,body,global,7,0.3684210526315789,0.47529466897567635,0.48275722168127233,0.05004850809430512,0.0603262615033785,129,60,0.46511627906976744
2021,Hard,3,T,global,10,0.5263157894736842,0.46560057878852745,0.45940739087934035,0.06603603684508373,0.0695152849249045,99,50,0.5050505050505051
2021,Clay,1,wide,surface,15,0.39473684210526316,0.5400730451824404,0.5392142327650111,0.0,0.0,145,86,0.593103448275862
2021,Clay,1,body,surface,9,0.23684210526315788,0.5271168817093785,0.5256769374416433,0.0,0.0,114,51,0.4473684210526316
2021,Clay,1,T,surface,14,0.3684210526315789,0.5096286578182895,0.5092010609899409,0.0,0.0,114,58,0.5087719298245614
2021,Clay,1,wide,global,21,0.4375,0.5450596124744245,0.5432110262618737,0.0,0.0,218,130,0.5963302752293578
2021,Clay,1,body,global,23,0.4791666666666667,0.5271692804597581,0.5289983606116799,0.0,0.0,301,160,0.53156146179402
2021,Clay,1,T,global,4,0.08333333333333333,0.5322525198995994,0.5346700377179097,0.0,0.0,28,12,0.42857142857142855
2021,Clay,2,wide,surface,14,0.3684210526315789,0.49109799909723634,0.4886762160817306,0.021723983354226362,0.010929233744735811,173,70,0.4046242774566474
2021,Clay,2,body,surface,14,0.3684210526315789,0.5077418509965043,0.5128825357053322,0.01915566767001494,0.017977518180310736,166,85,0.5120481927710844
2021,Clay,2,T,surface,10,0.2631578947368421,0.5198785629338919,0.5244810430319347,0.022509017758639928,0.013641650290474094,138,67,0.4855072463768116
2021,Clay,2,wide,global,16,0.3333333333333333,0.5002266715732172,0.5026042723417172,0.02418867524857241,0.023951164369984346,138,60,0.43478260869565216
2021,Clay,2,body,global,15,0.3125,0.5133484888304656,0.5098171565276828,0.026964124596280132,0.018213982398560646,142,63,0.44366197183098594
2021,Clay,2,T,global,17,0.3541666666666667,0.5162164977460111,0.5126279400212559,0.025243539994337635,0.01945093262340103,181,97,0.5359116022099447
2021,Clay,3,wide,surface,9,0.23684210526315788,0.48698910397206,0.4982574859501229,0.03516038386349324,0.033516443575163535,131,71,0.5419847328244275
2021,Clay,3,body,surface,15,0.39473684210526316,0.48412646947145177,0.4772408963585434,0.03982897225264074,0.03011809438326407,185,102,0.5513513513513514
2021,Clay,3,T,surface,14,0.3684210526315789,0.47722811457429487,0.48222979676398064,0.05286272872539764,0.050191496897729226,159,69,0.4339622641509434
2021,Clay,3,wide,global,11,0.22916666666666666,0.4847966066989052,0.4801433552886478,0.04822684612147648,0.0468215811965812,117,61,0.5213675213675214
2021,Clay,3,body,global,10,0.20833333333333334,0.5108312016989826,0.507337801405833,0.0362260723170303,0.03409672927849455,94,47,0.5
2021,Clay,3,T,global,27,0.5625,0.46951327397316267,0.47325757575757577,0.06257282495096404,0.05213290092208611,251,132,0.5258964143426295
2021,Grass,1,wide,surface,4,1.0,0.5530986342590132,0.5487682668721954,0.0,0.0,66,40,0.6060606060606061
2021,Grass,1,body,surface,0,0.0,,,,,0,0,
2021,Grass,1,T,surface,0,0.0,,,,,0,0,
2021,Grass,1,wide,global,18,0.5806451612903226,0.5353436834655247,0.5333478189828944,0.0,0.0,173,87,0.5028901734104047
2021,Grass,1,body,global,10,0.3225806451612903,0.5229259165377323,0.5154482812361099,0.0,0.0,130,67,0.5153846153846153
2021,Grass,1,T,global,3,0.0967741935483871,0.5441523591645256,0.5574896377545581,0.0,0.0,35,24,0.6857142857142857
2021,Grass,2,wide,surface,0,0.0,,,,,0,0,
2021,Grass,2,body,surface,3,0.75,0.5099637321765501,0.506842279655401,0.025054711402407153,0.0201186264098715,43,21,0.4883720930232558
2021,Grass,2,T,surface,1,0.25,0.5540033361134278,0.5540033361134278,0.053335870185753365,0.053335870185753365,12,6,0.5
2021,Grass,2,wide,global,11,0.3548387096774194,0.5077315924634879,0.5042756589960269,0.022194776554729633,0.022720799457003726,137,69,0.5036496350364964
2021,Grass,2,body,global,10,0.3225806451612903,0.5162275113744181,0.5078799504030768,0.015427947685447424,0.01627346492008308,153,79,0.5163398692810458
2021,Grass,2,T,global,10,0.3225806451612903,0.5105154125012498,0.5084484104187874,0.024700377043880284,0.01515189139601203,92,52,0.5652173913043478
2021,Grass,3,wide,surface,0,0.0,,,,,0,0,
2021,Grass,3,body,surface,1,0.25,0.5266053391053391,0.5266053391053391,0.08073386719384201,0.08073386719384201,6,0,0.0
2021,Grass,3,T,surface,3,0.75,0.48595623894134504,0.4805080482897384,0.049062204637612204,0.027010748702742837,46,23,0.5
2021,Grass,3,wide,global,2,0.06451612903225806,0.49363287687541346,0.49363287687541346,0.022630214959840994,0.022630214959840994,8,2,0.25
2021,Grass,3,body,global,11,0.3548387096774194,0.48724827649528546,0.49588516971034224,0.053850704347838875,0.05493213534761854,188,89,0.4734042553191489
2021,Grass,3,T,global,18,0.5806451612903226,0.4825615501019379,0.483314631786204,0.045954426137254915,0.04362023262950582,226,115,0.5088495575221239
2022,<ALL>,1,wide,surface,335,0.5098934550989346,0.5352025193240836,0.5340242198416395,0.0,0.0,3588,1897,0.5287068004459309
2022,<ALL>,1,body,surface,198,0.3013698630136986,0.5224258515236794,0.5204517928084743,0.0,0.0,2051,1025,0.499756216479766
2022,<ALL>,1,T,surface,124,0.1887366818873668,0.5222026709521066,0.5212718653895124,0.0,0.0,1066,548,0.5140712945590994
2022,<ALL>,1,wide,global,71,0.4329268292682927,0.5319612075283529,0.5309709299206637,0.0,0.0,735,382,0.5197278911564626
2022,<ALL>,1,body,global,56,0.34146341463414637,0.5319203370759069,0.5304546387804049,0.0,0.0,780,402,0.5153846153846153
2022,<ALL>,1,T,global,37,0.22560975609756098,0.5284886958713068,0.5240484513986223,0.0,0.0,277,148,0.5342960288808665
2022,<ALL>,2,wide,surface,218,0.3318112633181126,0.5045055180115813,0.5051328639464554,0.01864461511860107,0.015644162125017402,2153,1090,0.5062703204830469
2022,<ALL>,2,body,surface,233,0.3546423135464231,0.508586250938421,0.5087890625,0.021160624787246778,0.01721155323633794,2447,1224,0.5002043318348999
2022,<ALL>,2,T,surface,206,0.3135464231354642,0.5102097777450711,0.5095416454540311,0.023812274229964354,0.02047646912461512,1851,940,0.5078336034575905
2022,<ALL>,2,wide,global,59,0.3597560975609756,0.5051064862055921,0.5048174157303371,0.025770845053396007,0.022211504430430518,501,259,0.5169660678642715
2022,<ALL>,2,body,global,57,0.3475609756097561,0.5029369949424304,0.5079785812482227,0.0259366700463057,0.025333389891010194,756,384,0.5079365079365079
2022,<ALL>,2,T,global,48,0.2926829268292683,0.5070372700483406,0.5101441238566007,0.027198248896741477,0.021792367594707818,407,218,0.5356265356265356
2022,<ALL>,3,wide,surface,104,0.1582952815829528,0.48682991075568766,0.48437029565223144,0.0338116351805619,0.028975715481640962,1011,508,0.5024727992087042
2022,<ALL>,3,body,surface,226,0.3439878234398782,0.488460532730024,0.49083068090685356,0.04523395013523532,0.04109880203526084,2157,1121,0.5197032916087158
2022,<ALL>,3,T,surface,327,0.4977168949771689,0.48016559609259135,0.48147190008920604,0.048044250599760814,0.04395120509035111,2862,1462,0.5108315863032844
2022,<ALL>,3,wide,global,34,0.2073170731707317,0.47900852017817974,0.4763711042683735,0.05098730568090354,0.04344710508819455,386,179,0.4637305699481865
2022,<ALL>,3,body,global,51,0.31097560975609756,0.4875947495160584,0.48972357159380064,0.045297967687734864,0.04101780002483413,478,266,0.5564853556485355
2022,<ALL>,3,T,global,79,0.4817073170731707,0.47262334860752586,0.4781836892204785,0.057927027359561574,0.05446646433900093,688,347,0.5043604651162791
2022,Hard,1,wide,surface,252,0.5185185185185185,0.5364349450820965,0.5363395079505189,0.0,0.0,2625,1389,0.5291428571428571
2022,Hard,1,body,surface,160,0.3292181069958848,0.519032281577444,0.5182899524423136,0.0,0.0,1738,850,0.4890678941311853
2022,Hard,1,T,surface,74,0.1522633744855967,0.5225845419600671,0.5212634673046308,0.0,0.0,602,293,0.4867109634551495
2022,Hard,1,wide,global,20,0.425531914893617,0.5223449907686787,0.5210388704687523,0.0,0.0,170,82,0.4823529411764706
2022,Hard,1,body,global,13,0.2765957446808511,0.5475293838548185,0.5372340425531915,0.0,0.0,175,83,0.4742857142857143
2022,Hard,1,T,global,14,0.2978723404255319,0.5216205790938455,0.5134955172334423,0.0,0.0,94,41,0.43617021276595747
2022,Hard,2,wide,surface,155,0.31893004115226337,0.5016158867811261,0.5035087719298246,0.01847360005225817,0.015492313327132357,1449,740,0.5106970324361628
2022,Hard,2,body,surface,165,0.3395061728395062,0.5098080353401578,0.5115399216579524,0.020672087306590783,0.01626963005518811,1803,907,0.5030504714364947
2022,Hard,2,T,surface,166,0.34156378600823045,0.5111109994190851,0.5106720379969324,0.02355729348595265,0.021050994175422277,1451,734,0.5058580289455548
2022,Hard,2,wide,global,21,0.44680851063829785,0.4994701757248463,0.4871901187150838,0.02830315477462052,0.024269887720974714,151,80,0.5298013245033113
2022,Hard,2,body,global,16,0.3404255319148936,0.484617048579296,0.48674004204234506,0.03083045101716704,0.027181634090962192,207,102,0.4927536231884058
2022,Hard,2,T,global,10,0.2127659574468085,0.5155400208981604,0.5120952714675682,0.038166976978623465,0.025516578038005222,93,48,0.5161290322580645
2022,Hard,3,wide,surface,79,0.16255144032921812,0.48691066890643403,0.48452341958729117,0.03337478297029315,0.02892415417617028,747,384,0.5140562248995983
2022,Hard,3,body,surface,161,0.33127572016460904,0.49259153051473054,0.49308435826076547,0.04358015910651038,0.03740965810719343,1582,838,0.5297092288242731
2022,Hard,3,T,surface,246,0.5061728395061729,0.480845226111282,0.4821080656449336,0.04546304458320216,0.040662494378914865,2115,1071,0.5063829787234042
2022,Hard,3,wide,global,6,0.1276595744680851,0.4797538849753191,0.4834553380897292,0.0764678078476266,0.06884566691573452,65,25,0.38461538461538464
2022,Hard,3,body,global,18,0.3829787234042553,0.4810131912779822,0.4859080634628963,0.046899471452240174,0.04157085897511231,138,78,0.5652173913043478
2022,Hard,3,T,global,23,0.48936170212765956,0.4524833924118939,0.46129751219806037,0.07046060005412255,0.07455957734594243,145,72,0.496551724137931
2022,Clay,1,wide,surface,76,0.4935064935064935,0.527463992170128,0.5282006131742629,0.0,0.0,891,466,0.5230078563411896
2022,Clay,1,body,surface,32,0.2077922077922078,0.5297217618029676,0.527449376966964,0.0,0.0,239,130,0.5439330543933054
2022,Clay,1,T,surface,46,0.2987012987012987,0.5187381891398755,0.5201142364810185,0.0,0.0,410,226,0.551219512195122
2022,Clay,1,wide,global,19,0.4418604651162791,0.5393344958009901,0.5359090054521527,0.0,0.0,193,98,0.5077720207253886
2022,Clay,1,body,global,15,0.3488372093023256,0.5322839650689015,0.5247620195204241,0.0,0.0,121,60,0.49586776859504134
2022,Clay,1,T,global,9,0.20930232558139536,0.5217610579976086,0.5080181352588052,0.0,0.0,78,43,0.5512820512820513
2022,Clay,2,wide,surface,53,0.34415584415584416,0.5051709875692147,0.5084938430614914,0.018770201091553772,0.015877313491816758,607,296,0.4876441515650741
2022,Clay,2,body,surface,65,0.42207792207792205,0.5043864829704039,0.5019270072992701,0.022563629007161346,0.019299684853004817,602,295,0.4900332225913621
2022,Clay,2,T,surface,36,0.23376623376623376,0.5031332893294538,0.5038527490886837,0.021302160823226717,0.01492930749213589,342,170,0.49707602339181284
2022,Clay,2,wide,global,14,0.32558139534883723,0.5065107689083558,0.5021531747484853,0.033199157274955426,0.022427931042357296,113,54,0.4778761061946903
2022,Clay,2,body,global,18,0.4186046511627907,0.5027326685040376,0.4996465762496583,0.029145071085061487,0.02864646864510695,179,98,0.547486033519553
2022,Clay,2,T,global,11,0.2558139534883721,0.4973078992134187,0.49435150206871736,0.029758113428460756,0.03285268214714798,103,48,0.46601941747572817
2022,Clay,3,wide,surface,25,0.16233766233766234,0.4865747149993293,0.4794237754664621,0.03519208816501116,0.03308436288460148,264,124,0.4696969696969697
2022,Clay,3,body,surface,57,0.37012987012987014,0.4752250555204187,0.4772859216255443,0.045783064248392825,0.044852820450863196,512,257,0.501953125
2022,Clay,3,T,surface,72,0.4675324675324675,0.4756313863110595,0.4731320351381142,0.05435033003794325,0.05437593480310415,666,341,0.512012012012012
2022,Clay,3,wide,global,10,0.23255813953488372,0.46122871145971434,0.4601573719209344,0.051188291684850194,0.04407148824916016,142,65,0.45774647887323944
2022,Clay,3,body,global,10,0.23255813953488372,0.4863756161202459,0.4892638785044387,0.05056494683910464,0.039837369738941725,86,50,0.5813953488372093
2022,Clay,3,T,global,23,0.5348837209302325,0.4844282065952493,0.48670212765957444,0.056175652413083775,0.055605655855065605,202,95,0.47029702970297027
2022,Grass,1,wide,surface,7,0.4117647058823529,0.5748534868499876,0.5676797429374749,0.0,0.0,72,42,0.5833333333333334
2022,Grass,1,body,surface,6,0.35294117647058826,0.5740095286004165,0.5561042340552708,0.0,0.0,74,45,0.6081081081081081
2022,Grass,1,T,surface,4,0.23529411764705882,0.5549795981454917,0.552189742724116,0.0,0.0,54,29,0.5370370370370371
2022,Grass,1,wide,global,32,0.43243243243243246,0.5335934530912713,0.5312175986802705,0.0,0.0,372,202,0.543010752688172
2022,Grass,1,body,global,28,0.3783783783783784,0.5244784789323078,0.5304546387804049,0.0,0.0,484,259,0.5351239669421488
2022,Grass,1,T,global,14,0.1891891891891892,0.5396817227104307,0.5359868312730098,0.0,0.0,105,64,0.6095238095238096
2022,Grass,2,wide,surface,10,0.5882352941176471,0.5457678134281799,0.5419970288342505,0.02062974299026672,0.019890449178795067,97,54,0.5567010309278351
2022,Grass,2,body,surface,3,0.17647058823529413,0.5323830814832698,0.531,0.017631761458511013,0.022199951917511895,42,22,0.5238095238095238
2022,Grass,2,T,surface,4,0.23529411764705882,0.5364974740140538,0.5347044406510426,0.05698499576708885,0.05876588202672611,58,36,0.6206896551724138
2022,Grass,2,wide,global,24,0.32432432432432434,0.5092190929662993,0.5080223999458033,0.019221891918081564,0.012379673095946508,237,125,0.5274261603375527
2022,Grass,2,body,global,23,0.3108108108108108,0.515841213103353,0.5185215532597078,0.020021378123201972,0.019136798814867184,370,184,0.4972972972972973
2022,Grass,2,T,global,27,0.36486486486486486,0.5078519208144867,0.5140372291730241,0.022092849242381033,0.019765030774970938,211,122,0.5781990521327014
2022,Grass,3,wide,surface,0,0.0,,,,,0,0,
2022,Grass,3,body,surface,8,0.47058823529411764,0.4996269774312397,0.4901726732083875,0.07460405653207747,0.07137979592252752,63,26,0.4126984126984127
2022,Grass,3,T,surface,9,0.5294117647058824,0.49786272050063357,0.4857326951399117,0.06814857954690447,0.07428016132235787,81,50,0.6172839506172839
2022,Grass,3,wide,global,18,0.24324324324324326,0.4886377367560585,0.4911630722393022,0.042382146067581034,0.042707022976469944,179,89,0.4972067039106145
2022,Grass,3,body,global,23,0.3108108108108108,0.4932755922222973,0.49321253186384767,0.04175462598013516,0.03825173557602962,254,138,0.5433070866141733
2022,Grass,3,T,global,33,0.44594594594594594,0.47843265947970454,0.4852100720831222,0.05041216226241272,0.04161175782141696,341,180,0.5278592375366569
2023,<ALL>,1,wide,surface,387,0.5758928571428571,0.5278220204722779,0.527559928973069,0.0,0.0,4281,2216,0.5176360663396403
2023,<ALL>,1,body,surface,156,0.23214285714285715,0.5216183123214134,0.5218785419496608,0.0,0.0,1822,881,0.4835345773874863
2023,<ALL>,1,T,surface,129,0.19196428571428573,0.5248844659768146,0.5228354978354979,0.0,0.0,1005,502,0.49950248756218907
2023,<ALL>,1,wide,global,92,0.5609756097560976,0.5311174754337231,0.5343369233944757,0.0,0.0,907,469,0.5170893054024256
2023,<ALL>,1,body,global,48,0.2926829268292683,0.5206109112551189,0.5219756379216637,0.0,0.0,500,261,0.522
2023,<ALL>,1,T,global,24,0.14634146341463414,0.5295328803490792,0.5325096772220885,0.0,0.0,181,84,0.46408839779005523
2023,<ALL>,2,wide,surface,157,0.23363095238095238,0.5025987677907359,0.5005980861244019,0.017651550600963795,0.013430863139352822,1637,872,0.5326817348808797
2023,<ALL>,2,body,surface,294,0.4375,0.5042370239390349,0.5049499817841248,0.02360614026630853,0.021768830744731404,3386,1681,0.4964559952746604
2023,<ALL>,2,T,surface,221,0.3288690476190476,0.508237155783539,0.5082619339045288,0.018841959565118336,0.015180141359113497,1915,989,0.5164490861618799
2023,<ALL>,2,wide,global,46,0.2804878048780488,0.5058802800423434,0.5064475015715797,0.017438018925389633,0.014976022063265426,484,231,0.4772727272727273
2023,<ALL>,2,body,global,53,0.3231707317073171,0.5049888935845728,0.508909061323167,0.021454366401628257,0.018068262852688255,581,288,0.49569707401032703
2023,<ALL>,2,T,global,65,0.39634146341463417,0.5091146516386583,0.5117688477593925,0.022989749541983965,0.021530899803426706,590,303,0.5135593220338983
2023,<ALL>,3,wide,surface,128,0.19047619047619047,0.4853059835644198,0.4877258972396487,0.041281929292242114,0.03706426684776776,1337,662,0.4951383694839192
2023,<ALL>,3,body,surface,222,0.33035714285714285,0.4892870667275539,0.4914380275999662,0.03679999524275969,0.03312927818561251,2435,1212,0.497741273100616
2023,<ALL>,3,T,surface,322,0.4791666666666667,0.4842088607358058,0.4848060305614883,0.041117518620898394,0.03774750943511085,2916,1511,0.5181755829903978
2023,<ALL>,3,wide,global,26,0.15853658536585366,0.48703921356778246,0.4889196460288755,0.03701736782098245,0.03450323840182978,290,142,0.4896551724137931
2023,<ALL>,3,body,global,63,0.38414634146341464,0.48577707322393354,0.4917359063700527,0.04866902342704685,0.04351317037925273,671,358,0.533532041728763
2023,<ALL>,3,T,global,75,0.4573170731707317,0.4777820297443994,0.477039055404178,0.045755908967686845,0.04077311196427447,651,327,0.5023041474654378
2023,Hard,1,wide,surface,324,0.5955882352941176,0.5272766317552424,0.5265537080340184,0.0,0.0,3444,1795,0.5211962833914053
2023,Hard,1,body,surface,125,0.22977941176470587,0.5195538823424343,0.5194070904645477,0.0,0.0,1494,718,0.48058902275769744
2023,Hard,1,T,surface,95,0.17463235294117646,0.5242721849958205,0.5212754613928718,0.0,0.0,731,366,0.5006839945280438
2023,Hard,1,wide,global,15,0.625,0.5311125853892683,0.5235530277684844,0.0,0.0,146,66,0.4520547945205479
2023,Hard,1,body,global,5,0.20833333333333334,0.5207793925488533,0.5243341833120838,0.0,0.0,60,32,0.5333333333333333
2023,Hard,1,T,global,4,0.16666666666666666,0.5173546445013502,0.5266362411623555,0.0,0.0,27,10,0.37037037037037035
2023,Hard,2,wide,surface,118,0.21691176470588236,0.5010836075331176,0.4988248970818495,0.01720522850883179,0.013650733648445518,1141,595,0.5214723926380368
2023,Hard,2,body,surface,237,0.43566176470588236,0.5039046941673763,0.5034208216026398,0.022605786946417485,0.02156459447722192,2768,1370,0.4949421965317919
2023,Hard,2,T,surface,189,0.3474264705882353,0.5095618647924122,0.5091836320045511,0.017669113404342456,0.01587800109355364,1588,834,0.5251889168765743
2023,Hard,2,wide,global,7,0.2916666666666667,0.5005058921538632,0.505050505050505,0.015625174862112203,0.018323207957354315,79,36,0.45569620253164556
2023,Hard,2,body,global,10,0.4166666666666667,0.5020118267782528,0.49847493855104247,0.02756786495728251,0.019574317894688026,113,57,0.504424778761062
2023,Hard,2,T,global,7,0.2916666666666667,0.5004480365299256,0.476027397260274,0.032593382773147175,0.03294484094114458,37,23,0.6216216216216216
2023,Hard,3,wide,surface,102,0.1875,0.48639495086381507,0.48777894708217073,0.03901691398380442,0.033274197245022036,1021,514,0.5034280117531832
2023,Hard,3,body,surface,182,0.33455882352941174,0.4907418472430367,0.4920795258681021,0.035964209017031214,0.03284091898395741,2043,1025,0.5017131669114048
2023,Hard,3,T,surface,260,0.47794117647058826,0.48528115007486106,0.48506782607794474,0.038315808010970565,0.03495867994524582,2237,1161,0.518998658918194
2023,Hard,3,wide,global,2,0.08333333333333333,0.48690881381752665,0.48690881381752665,0.04329022200139282,0.04329022200139282,22,15,0.6818181818181818
2023,Hard,3,body,global,9,0.375,0.46771488596189836,0.4548100949525237,0.058986274203554005,0.054019340436089525,63,29,0.4603174603174603
2023,Hard,3,T,global,13,0.5416666666666666,0.48132119672065155,0.477039055404178,0.04477848085333169,0.03625436620581102,81,45,0.5555555555555556
2023,Clay,1,wide,surface,50,0.4672897196261682,0.5247455375804904,0.5273030788136416,0.0,0.0,681,340,0.49926578560939794
2023,Clay,1,body,surface,27,0.2523364485981308,0.5320320997893515,0.5344621769296095,0.0,0.0,256,131,0.51171875
2023,Clay,1,T,surface,30,0.2803738317757009,0.5246175704525726,0.5229515062563008,0.0,0.0,226,107,0.47345132743362833
2023,Clay,1,wide,global,35,0.5223880597014925,0.5312154495873725,0.5340971631560514,0.0,0.0,291,155,0.5326460481099656
2023,Clay,1,body,global,20,0.29850746268656714,0.5292801532459237,0.5271139303365866,0.0,0.0,173,90,0.5202312138728323
2023,Clay,1,T,global,12,0.1791044776119403,0.5302802494125102,0.5311667803128326,0.0,0.0,81,36,0.4444444444444444
2023,Clay,2,wide,surface,31,0.2897196261682243,0.5066961352560826,0.5037146226415095,0.018857128508244673,0.01123192106585258,424,237,0.5589622641509434
2023,Clay,2,body,surface,48,0.4485981308411215,0.5065426432047538,0.5107253992904917,0.02069019453940704,0.02020136826501695,470,219,0.46595744680851064
2023,Clay,2,T,surface,28,0.2616822429906542,0.49894087705063794,0.5038591146224943,0.027535669324373548,0.014694431772268313,293,137,0.46757679180887374
2023,Clay,2,wide,global,18,0.26865671641791045,0.5167062387314302,0.5199745547099043,0.01894336963165929,0.012196447221439422,207,102,0.4927536231884058
2023,Clay,2,body,global,22,0.3283582089552239,0.502132243080354,0.5000532152727238,0.0213764406873015,0.020203440283455554,187,92,0.4919786096256685
2023,Clay,2,T,global,27,0.40298507462686567,0.5132564008679577,0.507404366599769,0.019433332465472315,0.01034458930922727,239,118,0.49372384937238495
2023,Clay,3,wide,surface,26,0.24299065420560748,0.48103388108217626,0.48748299970566117,0.050167758579190015,0.04557239753109807,316,148,0.46835443037974683
2023,Clay,3,body,surface,32,0.29906542056074764,0.4785310174547473,0.48529742807624704,0.04236360069781452,0.035611335115595166,276,126,0.45652173913043476
2023,Clay,3,T,surface,49,0.45794392523364486,0.48114684382053574,0.4848856209150326,0.046624590359804784,0.041844941034575145,509,258,0.5068762278978389
2023,Clay,3,wide,global,14,0.208955223880597,0.48151580166543223,0.48139437219083236,0.040432277429780825,0.040807044586792296,140,67,0.4785714285714286
2023,Clay,3,body,global,25,0.373134328358209,0.4895607632947195,0.48912684372069226,0.0479877441300704,0.04614859289071349,245,136,0.5551020408163265
2023,Clay,3,T,global,28,0.417910447761194,0.47600015194332884,0.4767646432126823,0.05241131235931077,0.05014110448294823,262,130,0.4961832061068702
2023,Grass,1,wide,surface,13,0.6190476190476191,0.5532474119268056,0.5483333333333333,0.0,0.0,156,81,0.5192307692307693
2023,Grass,1,body,surface,4,0.19047619047619047,0.5158386837559306,0.5233600502907434,0.0,0.0,72,32,0.4444444444444444
2023,Grass,1,T,surface,4,0.19047619047619047,0.5414278557072358,0.538054897226182,0.0,0.0,48,29,0.6041666666666666
2023,Grass,1,wide,global,42,0.5753424657534246,0.5310375767501297,0.5346656729472622,0.0,0.0,470,248,0.5276595744680851
2023,Grass,1,body,global,23,0.3150684931506849,0.5130358135905638,0.5140415695062738,0.0,0.0,267,139,0.5205992509363296
2023,Grass,1,T,global,8,0.1095890410958904,0.5345009446777974,0.5420359045719296,0.0,0.0,73,38,0.5205479452054794
2023,Grass,2,wide,surface,8,0.38095238095238093,0.5090700826623857,0.5076948865383122,0.01956318706919742,0.015222660176220704,72,40,0.5555555555555556
2023,Grass,2,body,surface,9,0.42857142857142855,0.5006917385088809,0.5016245304091786,0.06550048823358055,0.0511070229065248,148,92,0.6216216216216216
2023,Grass,2,T,surface,4,0.19047619047619047,0.5107186062445875,0.5081956274390794,0.013402972346992309,0.009094437818613521,34,18,0.5294117647058824
2023,Grass,2,wide,global,21,0.2876712328767123,0.4983923495097624,0.49747869935663364,0.016751999674441447,0.0163859945150453,198,93,0.4696969696969697
2023,Grass,2,body,global,21,0.2876712328767123,0.509399225925335,0.510776438311575,0.01862481307584951,0.017062563390532637,281,139,0.49466192170818507
2023,Grass,2,T,global,31,0.4246575342465753,0.5074642992699505,0.5134772573001647,0.023918711749973377,0.02369540612251697,314,162,0.5159235668789809
2023,Grass,3,wide,surface,0,0.0,,,,,0,0,
2023,Grass,3,body,surface,8,0.38095238095238093,0.49921500709154476,0.5048449234169141,0.03355971005786308,0.02729110565531312,116,61,0.5258620689655172
2023,Grass,3,T,surface,13,0.6190476190476191,0.47430452232764403,0.47246627464545143,0.07639430657280796,0.06927148018502627,170,92,0.5411764705882353
2023,Grass,3,wide,global,10,0.136986301369863,0.494798070181124,0.4975892202804534,0.03098192353258265,0.03200805749417723,128,60,0.46875
2023,Grass,3,body,global,29,0.3972602739726027,0.48812077783043956,0.49801156905278376,0.04605442775242087,0.03754865929473683,363,193,0.5316804407713499
2023,Grass,3,T,global,34,0.4657534246575342,0.47789624761906707,0.4749319780966193,0.04064871104183823,0.03544151541669141,308,152,0.4935064935064935
pooled,<ALL>,1,wide,surface,976,0.5292841648590022,0.5318261608608236,0.5300336645058845,0.0,0.0,10647,5560,0.5222128299051376
pooled,<ALL>,1,body,surface,509,0.27603036876355747,0.5209823634990608,0.52088948787062,0.0,0.0,5961,2913,0.4886763965777554
pooled,<ALL>,1,T,surface,359,0.19468546637744036,0.5247272488575401,0.5228354978354979,0.0,0.0,3037,1518,0.49983536384590055
pooled,<ALL>,1,wide,global,228,0.5055432372505543,0.5332885037740399,0.5336454244128771,0.0,0.0,2321,1215,0.5234812580784145
pooled,<ALL>,1,body,global,147,0.3259423503325942,0.526945195363433,0.5252452426208735,0.0,0.0,1844,951,0.5157266811279827
pooled,<ALL>,1,T,global,76,0.16851441241685144,0.5313591389631102,0.5322567688879309,0.0,0.0,585,294,0.5025641025641026
pooled,<ALL>,2,wide,surface,558,0.30260303687635576,0.503043326141329,0.502744237804574,0.01892839275283548,0.014875872078160546,5704,2921,0.5120967741935484
pooled,<ALL>,2,body,surface,712,0.38611713665943603,0.5072354645694424,0.5079125817147139,0.021912697948758882,0.01809341972357742,8223,4125,0.5016417365924845
pooled,<ALL>,2,T,surface,574,0.31127982646420826,0.5084479824574327,0.5083107638710318,0.022224016680441265,0.017995539402591465,5061,2548,0.5034578146611342
pooled,<ALL>,2,wide,global,141,0.31263858093126384,0.5050342445686695,0.5048174157303371,0.02173385779192136,0.018515724420431035,1354,669,0.49409158050221563
pooled,<ALL>,2,body,global,152,0.3370288248337029,0.5074421046339082,0.5093839269888745,0.024363015705937487,0.020124785297958914,1817,911,0.5013758943313154
pooled,<ALL>,2,T,global,158,0.35033259423503327,0.5091323504379165,0.5101441238566007,0.024572310420325563,0.02149064784508259,1458,755,0.5178326474622771
pooled,<ALL>,3,wide,surface,310,0.1681127982646421,0.48510001781166,0.4859260468343929,0.03843832482684027,0.031249225893975052,3052,1523,0.4990170380078637
pooled,<ALL>,3,body,surface,623,0.3378524945770065,0.4882438572473761,0.489517701770177,0.04255216783618965,0.03706560217875443,6738,3408,0.5057880676758683
pooled,<ALL>,3,T,surface,911,0.4940347071583514,0.4810348941655354,0.4820295983086681,0.04545975843166125,0.041466127147291254,8041,4061,0.5050366869792314
pooled,<ALL>,3,wide,global,82,0.18181818181818182,0.4865681612258527,0.48722179890814643,0.04477251983241188,0.04173926297774716,911,439,0.4818880351262349
pooled,<ALL>,3,body,global,152,0.3370288248337029,0.4876691454617778,0.4913133904089175,0.04613805934099147,0.041587235937522116,1679,878,0.5229303156640858
pooled,<ALL>,3,T,global,217,0.4811529933481153,0.47499094101247513,0.477039055404178,0.05369747448661914,0.04632356905477719,1962,992,0.5056065239551478
pooled,Hard,1,wide,surface,810,0.5421686746987951,0.5316996455912528,0.5300336645058845,0.0,0.0,8614,4496,0.5219410262363594
pooled,Hard,1,body,surface,430,0.2878179384203481,0.518861242792459,0.5194153313119296,0.0,0.0,5184,2514,0.4849537037037037
pooled,Hard,1,T,surface,254,0.17001338688085676,0.5260332132398303,0.5241445499470869,0.0,0.0,2109,1031,0.48885727833096254
pooled,Hard,1,wide,global,56,0.5436893203883495,0.5294616750142039,0.5281795306720531,0.0,0.0,507,252,0.4970414201183432
pooled,Hard,1,body,global,25,0.24271844660194175,0.5392236414739099,0.5362642529681438,0.0,0.0,329,160,0.48632218844984804
pooled,Hard,1,T,global,22,0.21359223300970873,0.5224989013498859,0.5205179442676018,0.0,0.0,149,64,0.42953020134228187
pooled,Hard,2,wide,surface,438,0.2931726907630522,0.5018445184605941,0.5022228575307082,0.01884431214302207,0.01502936340905009,4275,2197,0.5139181286549708
pooled,Hard,2,body,surface,565,0.3781793842034806,0.5076007527751134,0.5084493626452027,0.02134561694838707,0.017420123983706737,6630,3330,0.502262443438914
pooled,Hard,2,T,surface,491,0.3286479250334672,0.5088072213254609,0.5084471288515406,0.021708210027751907,0.018261660686347714,4184,2114,0.5052581261950286
pooled,Hard,2,wide,global,35,0.33980582524271846,0.5011276539419316,0.5027472527472527,0.022941068419271796,0.020611333941268517,295,152,0.5152542372881356
pooled,Hard,2,body,global,40,0.3883495145631068,0.49865180773908635,0.5032088758968908,0.030547781841437645,0.024847480354838525,466,234,0.5021459227467812
pooled,Hard,2,T,global,28,0.27184466019417475,0.5104237047943111,0.5111849911905715,0.02939885954417381,0.02723566396585861,225,116,0.5155555555555555
pooled,Hard,3,wide,surface,246,0.1646586345381526,0.4853830525893028,0.4851590441881996,0.03762939765171519,0.029939148701682683,2286,1153,0.5043744531933508
pooled,Hard,3,body,surface,499,0.33400267737617134,0.4900972729823827,0.4907728802578463,0.04183549294558114,0.036200198122020355,5531,2813,0.5085879587777978
pooled,Hard,3,T,surface,749,0.501338688085676,0.4814555868473562,0.48223085804398635,0.04364984777913861,0.040019638480975894,6374,3213,0.5040790712268591
pooled,Hard,3,wide,global,12,0.11650485436893204,0.49080553543959865,0.48853124211620225,0.061957929885661074,0.053078706647777,130,62,0.47692307692307695
pooled,Hard,3,body,global,38,0.36893203883495146,0.47696637639526296,0.4785459485367403,0.048740098532946266,0.043455171657960756,379,192,0.5065963060686016
pooled,Hard,3,T,global,53,0.5145631067961165,0.4665845792772155,0.46699999999999997,0.06200811951836158,0.05131747125957431,369,188,0.5094850948509485
pooled,Clay,1,wide,surface,142,0.461038961038961,0.5278664420508075,0.5286384405073956,0.0,0.0,1739,901,0.5181138585393904
pooled,Clay,1,body,surface,69,0.22402597402597402,0.5298880683135998,0.5301935012778387,0.0,0.0,631,322,0.5103011093502378
pooled,Clay,1,T,surface,97,0.31493506493506496,0.519371302696176,0.52006006006006,0.0,0.0,826,429,0.5193704600484261
pooled,Clay,1,wide,global,80,0.47058823529411764,0.5365646254360011,0.5362798011650112,0.0,0.0,799,426,0.5331664580725908
pooled,Clay,1,body,global,61,0.3588235294117647,0.5289487277624915,0.5260763725548405,0.0,0.0,634,326,0.5141955835962145
pooled,Clay,1,T,global,29,0.17058823529411765,0.5318727578840312,0.5260635354620317,0.0,0.0,223,104,0.4663677130044843
pooled,Clay,2,wide,surface,102,0.33116883116883117,0.5035297853484363,0.5017554202620373,0.019072857950806696,0.014434973332350776,1260,630,0.5
pooled,Clay,2,body,surface,132,0.42857142857142855,0.5054845406662467,0.5060872506580355,0.02139396629539885,0.019362891607552724,1360,660,0.4852941176470588
pooled,Clay,2,T,surface,74,0.24025974025974026,0.5038098459813124,0.5056397701227835,0.023823874436554326,0.014694431772268313,773,374,0.48382923673997413
pooled,Clay,2,wide,global,50,0.29411764705882354,0.5079563101644048,0.5047711088978208,0.024085532253742898,0.01760261815645514,487,230,0.4722792607802875
pooled,Clay,2,body,global,58,0.3411764705882353,0.5079503592282284,0.5081907668324248,0.02543749767869022,0.023549181832284105,547,275,0.5027422303473492
pooled,Clay,2,T,global,62,0.36470588235294116,0.5097177156544839,0.5057405703957428,0.023778487337779146,0.01959131792068669,616,303,0.49188311688311687
pooled,Clay,3,wide,surface,64,0.2077922077922078,0.48401210288509583,0.48712419693500236,0.041547638656227306,0.03677972676511332,766,370,0.4830287206266319
pooled,Clay,3,body,surface,107,0.3474025974025974,0.4775704918842873,0.4772859216255443,0.04381351011390458,0.03946020000755146,1022,508,0.49706457925636005
pooled,Clay,3,T,surface,137,0.4448051948051948,0.4781603068944804,0.4817931456548348,0.05085003014151167,0.04909008052346703,1370,683,0.4985401459854015
pooled,Clay,3,wide,global,40,0.23529411764705882,0.4819549269518406,0.4797410991319272,0.04524732932919683,0.040807044586792296,466,226,0.48497854077253216
pooled,Clay,3,body,global,51,0.3,0.49294932524561796,0.49364335167693985,0.04456017108606281,0.04101780002483413,495,266,0.5373737373737374
pooled,Clay,3,T,global,79,0.4647058823529412,0.47621763815571233,0.480540750610704,0.05687448643760103,0.051056403744220935,718,357,0.4972144846796657
pooled,Grass,1,wide,surface,24,0.5714285714285714,0.559524387501435,0.5568181818181819,0.0,0.0,294,163,0.5544217687074829
pooled,Grass,1,body,surface,10,0.23809523809523808,0.5507411906626222,0.540475789720287,0.0,0.0,146,77,0.5273972602739726
pooled,Grass,1,T,surface,8,0.19047619047619047,0.5482037269263638,0.5441941908342285,0.0,0.0,102,58,0.5686274509803921
pooled,Grass,1,wide,global,92,0.5168539325842697,0.5327690763565823,0.5329179767653991,0.0,0.0,1015,537,0.529064039408867
pooled,Grass,1,body,global,61,0.34269662921348315,0.5199095129190968,0.5204387626262627,0.0,0.0,881,465,0.5278093076049943
pooled,Grass,1,T,global,25,0.1404494382022472,0.5385603501144794,0.5393844781445138,0.0,0.0,213,126,0.5915492957746479
pooled,Grass,2,wide,surface,18,0.42857142857142855,0.5294577108656048,0.530583988862625,0.020155718136458143,0.019600737175678284,169,94,0.5562130177514792
pooled,Grass,2,body,surface,15,0.35714285714285715,0.5088844058372926,0.506842279655401,0.04783758751233196,0.03946188934390782,233,135,0.5793991416309013
pooled,Grass,2,T,surface,9,0.21428571428571427,0.5269852952386658,0.5096153846153846,0.03720974918245311,0.03313835559654221,104,60,0.5769230769230769
pooled,Grass,2,wide,global,56,0.3146067415730337,0.5048668765713314,0.5050432120892682,0.018879641808915246,0.01781160274327298,572,287,0.5017482517482518
pooled,Grass,2,body,global,54,0.30337078651685395,0.513407532584321,0.5131019461302804,0.018627634227425176,0.017942002517733757,804,402,0.5
pooled,Grass,2,T,global,68,0.38202247191011235,0.5080669009466485,0.5128918878608955,0.023308687709298025,0.02149064784508259,617,336,0.5445705024311183
pooled,Grass,3,wide,surface,0,0.0,,,,,0,0,
pooled,Grass,3,body,surface,17,0.40476190476190477,0.5010200714875068,0.5030572630216759,0.055649647053727436,0.04382284650141788,185,87,0.4702702702702703
pooled,Grass,3,T,surface,25,0.5952380952380952,0.4841836796635644,0.4805080482897384,0.07014599261125921,0.06927148018502627,297,165,0.5555555555555556
pooled,Grass,3,wide,global,30,0.16853932584269662,0.49102419057237073,0.4964001940991001,0.03726527648206557,0.03557329970935136,315,151,0.4793650793650794
pooled,Grass,3,body,global,63,0.3539325842696629,0.48985035269275756,0.49538480356012704,0.04584591349507209,0.04149386986835524,805,420,0.5217391304347826
pooled,Grass,3,T,global,85,0.47752808988764045,0.4790924480436873,0.4787310316572383,0.04556279059473774,0.03885884123306638,875,447,0.5108571428571429
