scorer,fold,direction,selected_scope,n_points,n_matches,n_orientations,mean_score,observed_rate,calibration_gap,brier_score,log_loss,calibration_in_the_large,ece,max_calibration_error,eligible_target_points,scored_target_points,abstained_target_points,point_coverage,delta_brier_vs_population,delta_log_loss_vs_population,delta_ece_vs_population
population_only,2020,wide,surface,2654,106,211,0.5161521671345333,0.5041446872645065,0.012007479870026816,0.2501198890043424,0.6933871418307489,0.012007479870026816,0.01500031947923933,0.015367997446230242,4015,3088,927,0.7691158156911582,0.0,0.0,0.0
population_only,2020,wide,global,434,24,46,0.5178683012024423,0.49078341013824883,0.027084891064193484,0.2506699568368684,0.6944878378823016,0.027084891064193484,0.01500031947923933,0.015367997446230242,4015,3088,927,0.7691158156911582,0.0,0.0,0.0
population_only,2020,body,surface,2905,109,209,0.5082601631247893,0.4939759036144578,0.014284259510331465,0.2501753559051341,0.6934979428431914,0.014284259510331465,0.01500031947923933,0.015367997446230242,4475,3340,1135,0.7463687150837989,0.0,0.0,0.0
population_only,2020,body,global,435,23,35,0.5098399893889973,0.5172413793103449,-0.007401389921347534,0.2497660419178525,0.6926792208854383,-0.007401389921347534,0.01500031947923933,0.015367997446230242,4475,3340,1135,0.7463687150837989,0.0,0.0,0.0
population_only,2020,T,surface,1834,106,196,0.5037351617351307,0.4830970556161396,0.020638106118991084,0.2501563278978986,0.6934598444930418,0.020638106118991084,0.01500031947923933,0.015367997446230242,2902,2183,719,0.7522398345968297,0.0,0.0,0.0
population_only,2020,T,global,349,29,45,0.5054974236529018,0.4785100286532951,0.02698739499960673,0.25026486551751076,0.6936769338594051,0.02698739499960673,0.01500031947923933,0.015367997446230242,2902,2183,719,0.7522398345968297,0.0,0.0,0.0
population_only,2021,wide,surface,3658,200,378,0.5159893262079025,0.5196828868234008,-0.0036935606154983036,0.24951405965754275,0.6921746045617173,-0.0036935606154983036,0.006120002286321709,0.012448694784106817,6870,5054,1816,0.7356622998544395,0.0,0.0,0.0
population_only,2021,wide,global,1396,84,142,0.5176888425808772,0.5200573065902578,-0.002368464009380622,0.24960540306160287,0.6923577913449714,-0.002368464009380622,0.006120002286321709,0.012448694784106817,6870,5054,1816,0.7356622998544395,0.0,0.0,0.0
population_only,2021,body,surface,4813,200,383,0.5083004615105338,0.5061292333264077,0.0021712281841260728,0.24998812143484483,0.6931236659608956,0.0021712281841260728,0.006120002286321709,0.012448694784106817,9296,6653,2643,0.715684165232358,0.0,0.0,0.0
population_only,2021,body,global,1840,80,143,0.5095541408910487,0.4907608695652174,0.01879327132583125,0.2502694147715575,0.6936860876047883,0.01879327132583125,0.006120002286321709,0.012448694784106817,9296,6653,2643,0.715684165232358,0.0,0.0,0.0
population_only,2021,T,surface,2941,186,336,0.5030322602619708,0.4787487249234954,0.02428353533847538,0.2501456991062176,0.6934386396930274,0.02428353533847538,0.006120002286321709,0.012448694784106817,6344,4401,1943,0.6937263556116016,0.0,0.0,0.0
population_only,2021,T,global,1460,102,155,0.5047608215044335,0.5054794520547945,-0.0007186305503610324,0.24996939446038194,0.6930859683200199,-0.0007186305503610324,0.006120002286321709,0.012448694784106817,6344,4401,1943,0.6937263556116016,0.0,0.0,0.0
population_only,2022,wide,surface,7633,382,728,0.5154468924789477,0.5194549980348487,-0.0040081055559010315,0.24955833414712805,0.6922633833855262,-0.0040081055559010315,0.004517431343158988,0.014671130614885619,13216,10024,3192,0.7584745762711864,0.0,0.0,0.0
population_only,2022,wide,global,2391,141,241,0.5174218937084767,0.5173567544960268,6.513921244988286e-05,0.24970095025538214,0.6925489653029964,6.513921244988286e-05,0.004517431343158988,0.014671130614885619,13216,10024,3192,0.7584745762711864,0.0,0.0,0.0
population_only,2022,body,surface,7516,377,718,0.506836830983283,0.5071846726982437,-0.00034784171496071714,0.24998330788851472,0.6931138950956995,-0.00034784171496071714,0.004517431343158988,0.014671130614885619,14454,10479,3975,0.7249896222498963,0.0,0.0,0.0
population_only,2022,body,global,2963,143,246,0.5088506863483224,0.5160310496118798,-0.007180363263557421,0.2497942257707695,0.6927355971448721,-0.007180363263557421,0.004517431343158988,0.014671130614885619,14454,10479,3975,0.7249896222498963,0.0,0.0,0.0
population_only,2022,T,surface,6055,363,686,0.5018719683418363,0.511478117258464,-0.0096061489166277,0.24988583501978015,0.6929186998574975,-0.0096061489166277,0.004517431343158988,0.014671130614885619,11122,8001,3121,0.7193850026973566,0.0,0.0,0.0
population_only,2022,T,global,1946,141,228,0.503971369586623,0.512332990750257,-0.008361621163633925,0.24991988188306952,0.6929869414933247,-0.008361621163633925,0.004517431343158988,0.014671130614885619,11122,8001,3121,0.7193850026973566,0.0,0.0,0.0
population_only,2023,wide,surface,8000,375,730,0.5160670171455713,0.5195,-0.0034329828544286123,0.2496515455815282,0.6924501803142432,-0.0034329828544286123,0.0025726639784813014,0.011705743056313167,13692,10281,3411,0.7508764241893077,0.0,0.0,0.0
population_only,2023,wide,global,2281,126,224,0.517782381490867,0.498903989478299,0.01887839201256797,0.25035662315573787,0.6938608637183049,0.01887839201256797,0.0025726639784813014,0.011705743056313167,13692,10281,3411,0.7508764241893077,0.0,0.0,0.0
population_only,2023,body,surface,8382,370,722,0.5073661989892039,0.4952278692436173,0.012138329745586596,0.2500240479994587,0.6931951832735144,0.012138329745586596,0.0025726639784813014,0.011705743056313167,13981,10678,3303,0.7637508046634719,0.0,0.0,0.0
population_only,2023,body,global,2296,124,222,0.5081306345027206,0.5135017421602788,-0.005371107657558216,0.24984585797920078,0.6928388748517293,-0.005371107657558216,0.0025726639784813014,0.011705743056313167,13981,10678,3303,0.7637508046634719,0.0,0.0,0.0
population_only,2023,T,surface,6131,361,695,0.5025548320167599,0.5111727287555048,-0.008617896738744912,0.24987540316066303,0.6928979327919834,-0.008617896738744912,0.0025726639784813014,0.011705743056313167,10923,8209,2714,0.7515334615032501,0.0,0.0,0.0
population_only,2023,T,global,2078,132,226,0.504266901702884,0.49326275264677577,0.011004149056108248,0.25007787433336365,0.6933029336787945,0.011004149056108248,0.0025726639784813014,0.011705743056313167,10923,8209,2714,0.7515334615032501,0.0,0.0,0.0
server_only,2020,wide,surface,2654,106,211,0.5160706056613702,0.5041446872645065,0.011925918396863744,0.2512393538426202,0.6957087858877171,0.011925918396863744,0.024183937751425546,0.7192982456140351,4015,3088,927,0.7691158156911582,0.001119464838277795,0.0023216440569682195,0.009183618272186216
server_only,2020,wide,global,434,24,46,0.5151857340173264,0.49078341013824883,0.024402323879077537,0.25229477313475995,0.6978217231132184,0.024402323879077537,0.024183937751425546,0.7192982456140351,4015,3088,927,0.7691158156911582,0.0016248162978915737,0.003333885230916822,0.009183618272186216
server_only,2020,body,surface,2905,109,209,0.5036587226134239,0.4939759036144578,0.009682818998966114,0.2515919978671697,0.6963845810403223,0.009682818998966114,0.024183937751425546,0.7192982456140351,4475,3340,1135,0.7463687150837989,0.0014166419620355586,0.002886638197130864,0.009183618272186216
server_only,2020,body,global,435,23,35,0.4993272639111358,0.5172413793103449,-0.017914115399209063,0.2539119124692382,0.7014320932110985,-0.017914115399209063,0.024183937751425546,0.7192982456140351,4475,3340,1135,0.7463687150837989,0.004145870551385711,0.008752872325660133,0.009183618272186216
server_only,2020,T,surface,1834,106,196,0.5040855566293403,0.4830970556161396,0.02098850101320071,0.24847682788084588,0.6901039828682194,0.02098850101320071,0.024183937751425546,0.7192982456140351,2902,2183,719,0.7522398345968297,-0.0016795000170527208,-0.003355861624822376,0.009183618272186216
server_only,2020,T,global,349,29,45,0.5116893480313184,0.4785100286532951,0.033179319378023264,0.25468728281550296,0.7026639506300794,0.033179319378023264,0.024183937751425546,0.7192982456140351,2902,2183,719,0.7522398345968297,0.004422417297992198,0.008987016770674261,0.009183618272186216
server_only,2021,wide,surface,3658,200,378,0.5238017090670052,0.5196828868234008,0.004118822243604381,0.24926298448136663,0.6917015060182334,0.004118822243604381,0.020658400711257737,0.11008805135611277,6870,5054,1816,0.7356622998544395,-0.00025107517617611874,-0.00047309854348387415,0.014538398424936028
server_only,2021,wide,global,1396,84,142,0.5143267423613209,0.5200573065902578,-0.0057305642289369185,0.24890133085184404,0.6909711142751925,-0.0057305642289369185,0.020658400711257737,0.11008805135611277,6870,5054,1816,0.7356622998544395,-0.0007040722097588215,-0.0013866770697789077,0.014538398424936028
server_only,2021,body,surface,4813,200,383,0.5130974201666076,0.5061292333264077,0.0069681868401999525,0.25166203411972593,0.6965135597871406,0.0069681868401999525,0.020658400711257737,0.11008805135611277,9296,6653,2643,0.715684165232358,0.001673912684881096,0.003389893826244994,0.014538398424936028
server_only,2021,body,global,1840,80,143,0.5062260383427494,0.4907608695652174,0.015465168777531957,0.2505077921145105,0.6941936515299867,0.015465168777531957,0.020658400711257737,0.11008805135611277,9296,6653,2643,0.715684165232358,0.00023837734295301116,0.000507563925198351,0.014538398424936028
server_only,2021,T,surface,2941,186,336,0.4997006023681432,0.4787487249234954,0.02095187744464777,0.25144867909725954,0.6960884115034536,0.02095187744464777,0.020658400711257737,0.11008805135611277,6344,4401,1943,0.6937263556116016,0.0013029799910419526,0.002649771810426138,0.014538398424936028
server_only,2021,T,global,1460,102,155,0.4869993183020952,0.5054794520547945,-0.0184801337526993,0.2491788730669588,0.6916085170794746,-0.0184801337526993,0.020658400711257737,0.11008805135611277,6344,4401,1943,0.6937263556116016,-0.0007905213934231436,-0.0014774512405453244,0.014538398424936028
server_only,2022,wide,surface,7633,382,728,0.523665091272968,0.5194549980348487,0.004210093238119272,0.24932714544007456,0.6918375713257299,0.004210093238119272,0.01757250567629794,0.27270297743745814,13216,10024,3192,0.7584745762711864,-0.00023118870705349237,-0.00042581205979630443,0.013055074333138952
server_only,2022,wide,global,2391,141,241,0.5131325285526879,0.5173567544960268,-0.004224225943338933,0.24949578949747914,0.6921732952431361,-0.004224225943338933,0.01757250567629794,0.27270297743745814,13216,10024,3192,0.7584745762711864,-0.00020516075790300015,-0.000375670059860278,0.013055074333138952
server_only,2022,body,surface,7516,377,718,0.5136635960974809,0.5071846726982437,0.006478923399237169,0.25088034875243725,0.6949433781184061,0.006478923399237169,0.01757250567629794,0.27270297743745814,14454,10479,3975,0.7249896222498963,0.0008970408639225325,0.0018294830227065795,0.013055074333138952
server_only,2022,body,global,2963,143,246,0.5006242298563129,0.5160310496118798,-0.015406819755566903,0.25079974395149096,0.6948326739740849,-0.015406819755566903,0.01757250567629794,0.27270297743745814,14454,10479,3975,0.7249896222498963,0.0010055181807214486,0.002097076829212785,0.013055074333138952
server_only,2022,T,surface,6055,363,686,0.5026759692644605,0.511478117258464,-0.008802147994003584,0.25132091326659417,0.6958252072387288,-0.008802147994003584,0.01757250567629794,0.27270297743745814,11122,8001,3121,0.7193850026973566,0.00143507824681402,0.002906507381231216,0.013055074333138952
server_only,2022,T,global,1946,141,228,0.49007923427327704,0.512332990750257,-0.022253756476979913,0.2515329146476827,0.6963850876846588,-0.022253756476979913,0.01757250567629794,0.27270297743745814,11122,8001,3121,0.7193850026973566,0.0016130327646131648,0.0033981461913340505,0.013055074333138952
server_only,2023,wide,surface,8000,375,730,0.5253282381507186,0.5195,0.005828238150718645,0.2507379347979623,0.6946640029491171,0.005828238150718645,0.020603383631831826,0.11409929171317695,13692,10281,3411,0.7508764241893077,0.0010863892164341138,0.0022138226348739076,0.018030719653350524
server_only,2023,wide,global,2281,126,224,0.520038683145992,0.498903989478299,0.021134693667692994,0.24858199670884423,0.6903281201251351,0.021134693667692994,0.020603383631831826,0.11409929171317695,13692,10281,3411,0.7508764241893077,-0.0017746264468936346,-0.003532743593169796,0.018030719653350524
server_only,2023,body,surface,8382,370,722,0.5107144151827063,0.4952278692436173,0.015486545939089047,0.25077963668171777,0.6947313432695834,0.015486545939089047,0.020603383631831826,0.11409929171317695,13981,10678,3303,0.7637508046634719,0.0007555886822590563,0.001536159996069042,0.018030719653350524
server_only,2023,body,global,2296,124,222,0.4962213456023634,0.5135017421602788,-0.017280396557915356,0.2505907591477549,0.6943740537820259,-0.017280396557915356,0.020603383631831826,0.11409929171317695,13981,10678,3303,0.7637508046634719,0.0007449011685541351,0.0015351789302965324,0.018030719653350524
server_only,2023,T,surface,6131,361,695,0.5014263107932073,0.5111727287555048,-0.009746417962297471,0.25160411393485743,0.6964083822080949,-0.009746417962297471,0.020603383631831826,0.11409929171317695,10923,8209,2714,0.7515334615032501,0.0017287107741943974,0.0035104494161114497,0.018030719653350524
server_only,2023,T,global,2078,132,226,0.4962213239811459,0.49326275264677577,0.002958571334370108,0.2507724553411488,0.6947104728681238,0.002958571334370108,0.020603383631831826,0.11409929171317695,10923,8209,2714,0.7515334615032501,0.0006945810077851333,0.0014075391893293432,0.018030719653350524
opponent_only,2020,wide,surface,2654,106,211,0.5181941472771874,0.5041446872645065,0.014049460012680925,0.2508172142841327,0.6948433371845327,0.014049460012680925,0.03493404443983477,0.07927385214090032,4015,3088,927,0.7691158156911582,0.0006973252797902729,0.001456195353783829,0.01993372496059544
opponent_only,2020,wide,global,434,24,46,0.5236198450729744,0.49078341013824883,0.0328364349347256,0.2498239507104205,0.6927776070565977,0.0328364349347256,0.03493404443983477,0.07927385214090032,4015,3088,927,0.7691158156911582,-0.0008460061264478902,-0.0017102308257038734,0.01993372496059544
opponent_only,2020,body,surface,2905,109,209,0.5028309591663614,0.4939759036144578,0.008855055551903634,0.2519503194336436,0.6971034710766014,0.008855055551903634,0.03493404443983477,0.07927385214090032,4475,3340,1135,0.7463687150837989,0.0017749635285094767,0.0036055282334099825,0.01993372496059544
opponent_only,2020,body,global,435,23,35,0.5182801286452713,0.5172413793103449,0.0010387493349264254,0.25131106041152923,0.6958079893408488,0.0010387493349264254,0.03493404443983477,0.07927385214090032,4475,3340,1135,0.7463687150837989,0.0015450184936767197,0.0031287684554104356,0.01993372496059544
opponent_only,2020,T,surface,1834,106,196,0.5000611748831808,0.4830970556161396,0.016964119267041222,0.25133415780794127,0.6958350369817683,0.016964119267041222,0.03493404443983477,0.07927385214090032,2902,2183,719,0.7522398345968297,0.0011778299100426715,0.0023751924887265297,0.01993372496059544
opponent_only,2020,T,global,349,29,45,0.5204597283496021,0.4785100286532951,0.041949699696306963,0.25828383647491654,0.7100916294490622,0.041949699696306963,0.03493404443983477,0.07927385214090032,2902,2183,719,0.7522398345968297,0.00801897095740578,0.016414695589657136,0.01993372496059544
opponent_only,2021,wide,surface,3658,200,378,0.5068494109821111,0.5196828868234008,-0.012833475841289688,0.2507830150610981,0.6947736038168529,-0.012833475841289688,0.023502330854451435,0.1538325606440462,6870,5054,1816,0.7356622998544395,0.0012689554035553718,0.0025989992551356256,0.017382328568129726
opponent_only,2021,wide,global,1396,84,142,0.5277782479057032,0.5200573065902578,0.007720941315445318,0.24957497638732257,0.6923247851120955,0.007720941315445318,0.023502330854451435,0.1538325606440462,6870,5054,1816,0.7356622998544395,-3.0426674280298327e-05,-3.300623287594284e-05,0.017382328568129726
opponent_only,2021,body,surface,4813,200,383,0.4996779692997804,0.5061292333264077,-0.006451264026627268,0.2500495449680956,0.6932645952258313,-0.006451264026627268,0.023502330854451435,0.1538325606440462,9296,6653,2643,0.715684165232358,6.142353325078176e-05,0.00014092926493569635,0.017382328568129726
opponent_only,2021,body,global,1840,80,143,0.5078665960214803,0.4907608695652174,0.017105726456262904,0.24958872181427336,0.6923671296722583,0.017105726456262904,0.023502330854451435,0.1538325606440462,9296,6653,2643,0.715684165232358,-0.0006806929572841514,-0.0013189579325300071,0.017382328568129726
opponent_only,2021,T,surface,2941,186,336,0.4878273217725097,0.4787487249234954,0.009078596849014298,0.25095250835103394,0.6950932677091279,0.009078596849014298,0.023502330854451435,0.1538325606440462,6344,4401,1943,0.6937263556116016,0.0008068092448163533,0.0016546280161005011,0.017382328568129726
opponent_only,2021,T,global,1460,102,155,0.5037892542789879,0.5054794520547945,-0.00169019777580659,0.2501665489936373,0.6935084351314208,-0.00169019777580659,0.023502330854451435,0.1538325606440462,6344,4401,1943,0.6937263556116016,0.00019715453325538923,0.00042246681140090114,0.017382328568129726
opponent_only,2022,wide,surface,7633,382,728,0.5128695976069448,0.5194549980348487,-0.006585400427903898,0.24989958789043715,0.6929649401608163,-0.006585400427903898,0.02038322285583955,0.12043979111390024,13216,10024,3192,0.7584745762711864,0.0003412537433090945,0.0007015567752901575,0.015865791512680562
opponent_only,2022,wide,global,2391,141,241,0.5111200236236891,0.5173567544960268,-0.00623673087233767,0.25124025057703503,0.6956982767327397,-0.00623673087233767,0.02038322285583955,0.12043979111390024,13216,10024,3192,0.7584745762711864,0.0015393003216528922,0.0031493114297432845,0.015865791512680562
opponent_only,2022,body,surface,7516,377,718,0.49914596996878285,0.5071846726982437,-0.00803870272946089,0.25028377420315767,0.6937569224982918,-0.00803870272946089,0.02038322285583955,0.12043979111390024,14454,10479,3975,0.7249896222498963,0.0003004663146429498,0.0006430274025922555,0.015865791512680562
opponent_only,2022,body,global,2963,143,246,0.5117884403479773,0.5160310496118798,-0.004242609263902519,0.25018034980280596,0.6936053989714912,-0.004242609263902519,0.02038322285583955,0.12043979111390024,14454,10479,3975,0.7249896222498963,0.0003861240320364445,0.0008698018266191099,0.015865791512680562
opponent_only,2022,T,surface,6055,363,686,0.49509996114839044,0.511478117258464,-0.016378156110073594,0.25068089578527947,0.6945495728881993,-0.016378156110073594,0.02038322285583955,0.12043979111390024,11122,8001,3121,0.7193850026973566,0.0007950607654993169,0.0016308730307017516,0.015865791512680562
opponent_only,2022,T,global,1946,141,228,0.5053345078173502,0.512332990750257,-0.006998482932906724,0.2503391157172677,0.6938877255883222,-0.006998482932906724,0.02038322285583955,0.12043979111390024,11122,8001,3121,0.7193850026973566,0.00041923383419817384,0.0009007840949974977,0.015865791512680562
opponent_only,2023,wide,surface,8000,375,730,0.504823440636806,0.5195,-0.014676559363194008,0.2500636885793988,0.6933001119555268,-0.014676559363194008,0.016609549580294314,0.136715495594941,13692,10281,3411,0.7508764241893077,0.0004121429978706237,0.0008499316412835523,0.014036885601813012
opponent_only,2023,wide,global,2281,126,224,0.5146945765919371,0.498903989478299,0.015790587113638066,0.25171668459565083,0.696689339607097,0.015790587113638066,0.016609549580294314,0.136715495594941,13692,10281,3411,0.7508764241893077,0.001360061439912963,0.0028284758887920924,0.014036885601813012
opponent_only,2023,body,surface,8382,370,722,0.4962567371530206,0.4952278692436173,0.0010288679094033193,0.24986531770436093,0.6929276659159406,0.0010288679094033193,0.016609549580294314,0.136715495594941,13981,10678,3303,0.7637508046634719,-0.00015873029509777536,-0.0002675173575737988,0.014036885601813012
opponent_only,2023,body,global,2296,124,222,0.5017640311292174,0.5135017421602788,-0.01173771103106136,0.2504528334459104,0.6941024052922078,-0.01173771103106136,0.016609549580294314,0.136715495594941,13981,10678,3303,0.7637508046634719,0.000606975466709625,0.0012635304404784442,0.014036885601813012
opponent_only,2023,T,surface,6131,361,695,0.4949634080362657,0.5111727287555048,-0.016209320719239084,0.25110058928153733,0.6953934946089736,-0.016209320719239084,0.016609549580294314,0.136715495594941,10923,8209,2714,0.7515334615032501,0.0012251861208742998,0.002495561816990177,0.014036885601813012
opponent_only,2023,T,global,2078,132,226,0.4994212332665517,0.49326275264677577,0.006158480619775919,0.25119704711444585,0.6955853622718962,0.006158480619775919,0.016609549580294314,0.136715495594941,10923,8209,2714,0.7515334615032501,0.0011191727810822005,0.002282428593101682,0.014036885601813012
server_opponent_equal,2020,wide,surface,2654,106,211,0.5171323764692787,0.5041446872645065,0.012987689204772224,0.24989988133851515,0.6929529952426497,0.012987689204772224,0.01566361347078455,0.14416820539506142,4015,3088,927,0.7691158156911582,-0.00022000766582724873,-0.0004341465880991491,0.0006632939915452198
server_opponent_equal,2020,wide,global,434,24,46,0.5194027895451504,0.49078341013824883,0.02861937940690157,0.25000269427838456,0.6931521532422548,0.02861937940690157,0.01566361347078455,0.14416820539506142,4015,3088,927,0.7691158156911582,-0.0006672625584838165,-0.0013356846400468525,0.0006632939915452198
server_opponent_equal,2020,body,surface,2905,109,209,0.5032448408898926,0.4939759036144578,0.009268937275434819,0.2505695661360329,0.6942846809064149,0.009268937275434819,0.01566361347078455,0.14416820539506142,4475,3340,1135,0.7463687150837989,0.0003942102308987505,0.000786738063223491,0.0006632939915452198
server_opponent_equal,2020,body,global,435,23,35,0.5088036962782037,0.5172413793103449,-0.008437683032141208,0.25128620484899433,0.6957657217801512,-0.008437683032141208,0.01566361347078455,0.14416820539506142,4475,3340,1135,0.7463687150837989,0.0015201629311418219,0.0030865008947128514,0.0006632939915452198
server_opponent_equal,2020,T,surface,1834,106,196,0.5020733657562605,0.4830970556161396,0.01897631014012091,0.2486796882658007,0.6904939566702403,0.01897631014012091,0.01566361347078455,0.14416820539506142,2902,2183,719,0.7522398345968297,-0.0014766396320979036,-0.002965887822801494,0.0006632939915452198
server_opponent_equal,2020,T,global,349,29,45,0.5160745381904602,0.4785100286532951,0.037564509537165114,0.25519643864492497,0.7037004971449611,0.037564509537165114,0.01566361347078455,0.14416820539506142,2902,2183,719,0.7522398345968297,0.004931573127414213,0.01002356328555598,0.0006632939915452198
server_opponent_equal,2021,wide,surface,3658,200,378,0.5153255600245581,0.5196828868234008,-0.004357326798842709,0.2489232541370852,0.6909884878616275,-0.004357326798842709,0.005376702646096547,0.29315312057512893,6870,5054,1816,0.7356622998544395,-0.0005908055204575657,-0.0011861167000898343,-0.0007432996402251622
server_opponent_equal,2021,wide,global,1396,84,142,0.521052495133512,0.5200573065902578,0.0009951885432541996,0.2483227045549022,0.6897794201835706,0.0009951885432541996,0.005376702646096547,0.29315312057512893,6870,5054,1816,0.7356622998544395,-0.0012826985067006524,-0.0025783711614008054,-0.0007432996402251622
server_opponent_equal,2021,body,surface,4813,200,383,0.5063876947331939,0.5061292333264077,0.00025846140678620344,0.24980533277990918,0.6927569820908324,0.00025846140678620344,0.005376702646096547,0.29315312057512893,9296,6653,2643,0.715684165232358,-0.00018278865493565055,-0.00036668387006322245,-0.0007432996402251622
server_opponent_equal,2021,body,global,1840,80,143,0.5070463171821148,0.4907608695652174,0.016285447616897375,0.24919493730050146,0.6915440598318288,0.016285447616897375,0.005376702646096547,0.29315312057512893,9296,6653,2643,0.715684165232358,-0.0010744774710560456,-0.002142027772959576,-0.0007432996402251622
server_opponent_equal,2021,T,surface,2941,186,336,0.49376396207032636,0.4787487249234954,0.015015237146830951,0.24978753604013884,0.692725841396221,0.015015237146830951,0.005376702646096547,0.29315312057512893,6344,4401,1943,0.6937263556116016,-0.00035816306607874826,-0.0007127982968064828,-0.0007432996402251622
server_opponent_equal,2021,T,global,1460,102,155,0.4953942862905416,0.5054794520547945,-0.01008516576425289,0.24831470058826274,0.6897672762065038,-0.01008516576425289,0.005376702646096547,0.29315312057512893,6344,4401,1943,0.6937263556116016,-0.001654693872119195,-0.0033186921135160974,-0.0007432996402251622
server_opponent_equal,2022,wide,surface,7633,382,728,0.5182673444399565,0.5194549980348487,-0.0011876535948922573,0.2485604657914813,0.6902597374162144,-0.0011876535948922573,0.00725315290727373,0.027837021865165124,13216,10024,3192,0.7584745762711864,-0.0009978683556467471,-0.002003645969311796,0.002735721564114742
server_opponent_equal,2022,wide,global,2391,141,241,0.5121262760881885,0.5173567544960268,-0.0052304784078383015,0.24914080969869215,0.6914223938879668,-0.0052304784078383015,0.00725315290727373,0.027837021865165124,13216,10024,3192,0.7584745762711864,-0.0005601405566899864,-0.001126571415029587,0.002735721564114742
server_opponent_equal,2022,body,surface,7516,377,718,0.5064047830331319,0.5071846726982437,-0.0007798896651118881,0.24968172900372207,0.6925115346473755,-0.0007798896651118881,0.00725315290727373,0.027837021865165124,14454,10479,3975,0.7249896222498963,-0.0003015788847926526,-0.0006023604483240685,0.002735721564114742
server_opponent_equal,2022,body,global,2963,143,246,0.5062063351021452,0.5160310496118798,-0.009824714509734656,0.24922632376533257,0.6916081691330456,-0.009824714509734656,0.00725315290727373,0.027837021865165124,14454,10479,3975,0.7249896222498963,-0.0005679020054369377,-0.0011274280118265256,0.002735721564114742
server_opponent_equal,2022,T,surface,6055,363,686,0.4988879652064254,0.511478117258464,-0.012590152052038617,0.24999100579100356,0.6931348992703064,-0.012590152052038617,0.00725315290727373,0.027837021865165124,11122,8001,3121,0.7193850026973566,0.00010517077122340623,0.00021619941280881516,0.002735721564114742
server_opponent_equal,2022,T,global,1946,141,228,0.4977068710453136,0.512332990750257,-0.014626119704943374,0.24965182682809528,0.6924663935377819,-0.014626119704943374,0.00725315290727373,0.027837021865165124,11122,8001,3121,0.7193850026973566,-0.00026805505497423665,-0.0005205479555427939,0.002735721564114742
server_opponent_equal,2023,wide,surface,8000,375,730,0.5150758393937623,0.5195,-0.004424160606237626,0.24941001826825465,0.6919691549875675,-0.004424160606237626,0.006789900956148626,0.09121564173483954,13692,10281,3411,0.7508764241893077,-0.00024152731327353738,-0.0004810253266757103,0.004217236977667325
server_opponent_equal,2023,wide,global,2281,126,224,0.5173666298689645,0.498903989478299,0.01846264039066553,0.24932596577974098,0.6918045860833653,0.01846264039066553,0.006789900956148626,0.09121564173483954,13692,10281,3411,0.7508764241893077,-0.0010306573759968907,-0.0020562776349396517,0.004217236977667325
server_opponent_equal,2023,body,surface,8382,370,722,0.5034855761678635,0.4952278692436173,0.008257706924246211,0.24946964683596018,0.6920923876735613,0.008257706924246211,0.006789900956148626,0.09121564173483954,13981,10678,3303,0.7637508046634719,-0.0005544011634985302,-0.001102795599953077,0.004217236977667325
server_opponent_equal,2023,body,global,2296,124,222,0.4989926883657903,0.5135017421602788,-0.014509053794488469,0.24947123509319402,0.6920867035893439,-0.014509053794488469,0.006789900956148626,0.09121564173483954,13981,10678,3303,0.7637508046634719,-0.0003746228860067591,-0.0007521712623854704,0.004217236977667325
server_opponent_equal,2023,T,surface,6131,361,695,0.49819485941473646,0.5111727287555048,-0.012977869340768333,0.2503985230341827,0.6939547430361923,-0.012977869340768333,0.006789900956148626,0.09121564173483954,10923,8209,2714,0.7515334615032501,0.0005231198735196618,0.0010568102442088945,0.004217236977667325
server_opponent_equal,2023,T,global,2078,132,226,0.4978212786238488,0.49326275264677577,0.0045585259770730135,0.2501536190114084,0.6934617901030776,0.0045585259770730135,0.006789900956148626,0.09121564173483954,10923,8209,2714,0.7515334615032501,7.574467804477569e-05,0.00015885642428314917,0.004217236977667325
