dimension,direction,surface,derived_period,immediate_outcome,points,matches,servers,server_wins,server_win_rate
pooled,wide,ALL,ALL,ace,34933,5679,727,34933,1.0
pooled,wide,ALL,ALL,unreturned,7124,2080,384,7124,1.0
pooled,wide,ALL,ALL,fault,178921,5987,867,91501,0.511404474600522
pooled,wide,ALL,ALL,continuation_or_other,259734,5993,870,176482,0.6794720752770141
pooled,body,ALL,ALL,ace,147,139,80,147,1.0
pooled,body,ALL,ALL,unreturned,742,524,197,742,1.0
pooled,body,ALL,ALL,fault,27267,5309,815,13785,0.5055561667950269
pooled,body,ALL,ALL,continuation_or_other,71750,5880,861,44999,0.6271637630662021
pooled,T,ALL,ALL,ace,42278,5785,739,42278,1.0
pooled,T,ALL,ALL,unreturned,7935,2192,400,7935,1.0
pooled,T,ALL,ALL,fault,175373,5987,867,89462,0.5101241354142314
pooled,T,ALL,ALL,continuation_or_other,213687,5993,869,143406,0.6711030619551026
surface,wide,Hard,ALL,ace,24387,3717,576,24387,1.0
surface,wide,Hard,ALL,unreturned,4717,1331,303,4717,1.0
surface,wide,Hard,ALL,fault,112990,3847,640,57685,0.5105319054783609
surface,wide,Hard,ALL,continuation_or_other,158037,3849,643,108072,0.6838398602858824
surface,wide,Clay,ALL,ace,5056,1296,381,5056,1.0
surface,wide,Clay,ALL,unreturned,1401,469,212,1401,1.0
surface,wide,Clay,ALL,fault,42292,1439,498,21344,0.5046817364986286
surface,wide,Clay,ALL,continuation_or_other,66727,1439,499,43670,0.6544577157672307
surface,wide,Grass,ALL,ace,5490,666,273,5490,1.0
surface,wide,Grass,ALL,unreturned,1006,280,157,1006,1.0
surface,wide,Grass,ALL,fault,23639,701,316,12472,0.52760269046914
surface,wide,Grass,ALL,continuation_or_other,34970,705,316,24740,0.7074635401772948
surface,body,Hard,ALL,ace,91,84,60,91,1.0
surface,body,Hard,ALL,unreturned,431,316,144,431,1.0
surface,body,Hard,ALL,fault,16754,3385,605,8447,0.5041781067207831
surface,body,Hard,ALL,continuation_or_other,43164,3774,633,27182,0.6297377444166435
surface,body,Clay,ALL,ace,18,18,15,18,1.0
surface,body,Clay,ALL,unreturned,143,103,75,143,1.0
surface,body,Clay,ALL,fault,7142,1297,453,3565,0.49915989918790254
surface,body,Clay,ALL,continuation_or_other,18793,1409,492,11482,0.6109721704890119
surface,body,Grass,ALL,ace,38,37,28,38,1.0
surface,body,Grass,ALL,unreturned,168,105,76,168,1.0
surface,body,Grass,ALL,fault,3371,627,290,1773,0.5259566894096708
surface,body,Grass,ALL,continuation_or_other,9793,697,311,6335,0.6468906361686919
surface,T,Hard,ALL,ace,29125,3782,581,29125,1.0
surface,T,Hard,ALL,unreturned,5298,1430,326,5298,1.0
surface,T,Hard,ALL,fault,112474,3847,639,57298,0.5094332912495332
surface,T,Hard,ALL,continuation_or_other,132899,3849,643,89527,0.6736469047923611
surface,T,Clay,ALL,ace,6380,1333,399,6380,1.0
surface,T,Clay,ALL,unreturned,1387,479,207,1387,1.0
surface,T,Clay,ALL,fault,39191,1439,498,19572,0.4994003725345105
surface,T,Clay,ALL,continuation_or_other,49730,1439,498,32273,0.6489644078021315
surface,T,Grass,ALL,ace,6773,670,286,6773,1.0
surface,T,Grass,ALL,unreturned,1250,283,162,1250,1.0
surface,T,Grass,ALL,fault,23708,701,315,12592,0.5311287329171588
surface,T,Grass,ALL,continuation_or_other,31058,705,316,21606,0.6956661729667074
derived_period,wide,ALL,to_2009,ace,11829,1824,289,11829,1.0
derived_period,wide,ALL,to_2009,unreturned,1264,505,143,1264,1.0
derived_period,wide,ALL,to_2009,fault,66192,1952,354,33993,0.5135514865844815
derived_period,wide,ALL,to_2009,continuation_or_other,92360,1956,357,62789,0.6798289302728454
derived_period,wide,ALL,2010s,ace,12405,2127,351,12405,1.0
derived_period,wide,ALL,2010s,unreturned,2177,792,190,2177,1.0
derived_period,wide,ALL,2010s,fault,60302,2230,411,30851,0.5116082385327186
derived_period,wide,ALL,2010s,continuation_or_other,89671,2232,412,61082,0.6811789764806905
derived_period,wide,ALL,2020s,ace,10699,1728,288,10699,1.0
derived_period,wide,ALL,2020s,unreturned,3683,783,171,3683,1.0
derived_period,wide,ALL,2020s,fault,52427,1805,332,26657,0.5084593816163427
derived_period,wide,ALL,2020s,continuation_or_other,77703,1805,332,52611,0.6770781050924675
derived_period,body,ALL,to_2009,ace,60,59,32,60,1.0
derived_period,body,ALL,to_2009,unreturned,198,135,69,198,1.0
derived_period,body,ALL,to_2009,fault,9741,1713,329,4963,0.5094959449748486
derived_period,body,ALL,to_2009,continuation_or_other,25540,1936,353,16142,0.6320281910728269
derived_period,body,ALL,2010s,ace,65,58,40,65,1.0
derived_period,body,ALL,2010s,unreturned,232,178,81,232,1.0
derived_period,body,ALL,2010s,fault,10006,2018,378,5021,0.5017989206476114
derived_period,body,ALL,2010s,continuation_or_other,25666,2193,405,16129,0.6284189199719473
derived_period,body,ALL,2020s,ace,22,22,18,22,1.0
derived_period,body,ALL,2020s,unreturned,312,211,91,312,1.0
derived_period,body,ALL,2020s,fault,7520,1578,313,3801,0.5054521276595745
derived_period,body,ALL,2020s,continuation_or_other,20544,1751,330,12728,0.6195482866043613
derived_period,T,ALL,to_2009,ace,14764,1864,302,14764,1.0
derived_period,T,ALL,to_2009,unreturned,1537,537,149,1537,1.0
derived_period,T,ALL,to_2009,fault,66523,1950,355,34127,0.5130105377087624
derived_period,T,ALL,to_2009,continuation_or_other,73913,1956,356,49900,0.6751180441870848
derived_period,T,ALL,2010s,ace,14931,2162,356,14931,1.0
derived_period,T,ALL,2010s,unreturned,2642,832,201,2642,1.0
derived_period,T,ALL,2010s,fault,60552,2232,412,30924,0.5107015457788348
derived_period,T,ALL,2010s,continuation_or_other,76037,2232,412,51202,0.673382695266778
derived_period,T,ALL,2020s,ace,12583,1759,287,12583,1.0
derived_period,T,ALL,2020s,unreturned,3756,823,169,3756,1.0
derived_period,T,ALL,2020s,fault,48298,1805,331,24411,0.5054246552652284
derived_period,T,ALL,2020s,continuation_or_other,63737,1805,332,42304,0.6637275052167501
surface_derived_period,wide,Hard,to_2009,ace,8270,1208,210,8270,1.0
surface_derived_period,wide,Hard,to_2009,unreturned,705,292,99,705,1.0
surface_derived_period,wide,Hard,to_2009,fault,41355,1249,234,21233,0.5134324749123443
surface_derived_period,wide,Hard,to_2009,continuation_or_other,55558,1251,237,38123,0.6861838079124518
surface_derived_period,wide,Hard,2010s,ace,8461,1361,288,8461,1.0
surface_derived_period,wide,Hard,2010s,unreturned,1526,527,154,1526,1.0
surface_derived_period,wide,Hard,2010s,fault,37844,1415,323,19269,0.509169221012578
surface_derived_period,wide,Hard,2010s,continuation_or_other,53397,1415,323,36458,0.6827724403992733
surface_derived_period,wide,Hard,2020s,ace,7656,1148,247,7656,1.0
surface_derived_period,wide,Hard,2020s,unreturned,2486,512,146,2486,1.0
surface_derived_period,wide,Hard,2020s,fault,33791,1183,269,17183,0.5085081826521854
surface_derived_period,wide,Hard,2020s,continuation_or_other,49082,1183,269,33491,0.682347907583228
surface_derived_period,wide,Clay,to_2009,ace,1380,348,133,1380,1.0
surface_derived_period,wide,Clay,to_2009,unreturned,166,91,58,166,1.0
surface_derived_period,wide,Clay,to_2009,fault,13750,404,179,6923,0.5034909090909091
surface_derived_period,wide,Clay,to_2009,continuation_or_other,21576,404,179,13875,0.643075639599555
surface_derived_period,wide,Clay,2010s,ace,2016,537,183,2016,1.0
surface_derived_period,wide,Clay,2010s,unreturned,433,189,95,433,1.0
surface_derived_period,wide,Clay,2010s,fault,15426,583,234,7826,0.5073252949565669
surface_derived_period,wide,Clay,2010s,continuation_or_other,24493,583,235,16269,0.6642305964969584
surface_derived_period,wide,Clay,2020s,ace,1660,411,151,1660,1.0
surface_derived_period,wide,Clay,2020s,unreturned,802,189,98,802,1.0
surface_derived_period,wide,Clay,2020s,fault,13116,452,203,6595,0.5028209820067093
surface_derived_period,wide,Clay,2020s,continuation_or_other,20658,452,203,13526,0.6547584470907155
surface_derived_period,wide,Grass,to_2009,ace,2179,268,124,2179,1.0
surface_derived_period,wide,Grass,to_2009,unreturned,393,122,72,393,1.0
surface_derived_period,wide,Grass,to_2009,fault,11087,299,149,5837,0.5264724452060973
surface_derived_period,wide,Grass,to_2009,continuation_or_other,15226,301,150,10791,0.7087219230264022
surface_derived_period,wide,Grass,2010s,ace,1928,229,110,1928,1.0
surface_derived_period,wide,Grass,2010s,unreturned,218,76,49,218,1.0
surface_derived_period,wide,Grass,2010s,fault,7032,232,122,3756,0.5341296928327645
surface_derived_period,wide,Grass,2010s,continuation_or_other,11781,234,122,8355,0.7091927680162974
surface_derived_period,wide,Grass,2020s,ace,1383,169,94,1383,1.0
surface_derived_period,wide,Grass,2020s,unreturned,395,82,61,395,1.0
surface_derived_period,wide,Grass,2020s,fault,5520,170,107,2879,0.5215579710144927
surface_derived_period,wide,Grass,2020s,continuation_or_other,7963,170,107,5594,0.7024990581439156
surface_derived_period,body,Hard,to_2009,ace,35,34,23,35,1.0
surface_derived_period,body,Hard,to_2009,unreturned,90,65,44,90,1.0
surface_derived_period,body,Hard,to_2009,fault,5722,1092,221,2926,0.5113596644529884
surface_derived_period,body,Hard,to_2009,continuation_or_other,14592,1240,234,9281,0.6360334429824561
surface_derived_period,body,Hard,2010s,ace,42,36,30,42,1.0
surface_derived_period,body,Hard,2010s,unreturned,147,116,59,147,1.0
surface_derived_period,body,Hard,2010s,fault,6362,1267,302,3190,0.5014146494812952
surface_derived_period,body,Hard,2010s,continuation_or_other,15793,1387,317,9910,0.6274931931868549
surface_derived_period,body,Hard,2020s,ace,14,14,12,14,1.0
surface_derived_period,body,Hard,2020s,unreturned,194,135,73,194,1.0
surface_derived_period,body,Hard,2020s,fault,4670,1026,244,2331,0.49914346895074946
surface_derived_period,body,Hard,2020s,continuation_or_other,12779,1147,264,7991,0.6253227952108928
surface_derived_period,body,Clay,to_2009,ace,6,6,5,6,1.0
surface_derived_period,body,Clay,to_2009,unreturned,22,18,18,22,1.0
surface_derived_period,body,Clay,to_2009,fault,2413,359,159,1187,0.49191877331123085
surface_derived_period,body,Clay,to_2009,continuation_or_other,6236,398,178,3802,0.6096856959589481
surface_derived_period,body,Clay,2010s,ace,8,8,7,8,1.0
surface_derived_period,body,Clay,2010s,unreturned,57,42,32,57,1.0
surface_derived_period,body,Clay,2010s,fault,2717,541,209,1364,0.5020242914979757
surface_derived_period,body,Clay,2010s,continuation_or_other,6941,573,230,4295,0.6187869183114825
surface_derived_period,body,Clay,2020s,ace,4,4,3,4,1.0
surface_derived_period,body,Clay,2020s,unreturned,64,43,32,64,1.0
surface_derived_period,body,Clay,2020s,fault,2012,397,191,1014,0.5039761431411531
surface_derived_period,body,Clay,2020s,continuation_or_other,5616,438,200,3385,0.6027421652421653
surface_derived_period,body,Grass,to_2009,ace,19,19,14,19,1.0
surface_derived_period,body,Grass,to_2009,unreturned,86,52,36,86,1.0
surface_derived_period,body,Grass,to_2009,fault,1606,262,134,850,0.5292652552926526
surface_derived_period,body,Grass,to_2009,continuation_or_other,4712,298,148,3059,0.6491935483870968
surface_derived_period,body,Grass,2010s,ace,15,14,13,15,1.0
surface_derived_period,body,Grass,2010s,unreturned,28,20,18,28,1.0
surface_derived_period,body,Grass,2010s,fault,927,210,111,467,0.5037756202804746
surface_derived_period,body,Grass,2010s,continuation_or_other,2932,233,120,1924,0.6562073669849932
surface_derived_period,body,Grass,2020s,ace,4,4,4,4,1.0
surface_derived_period,body,Grass,2020s,unreturned,54,33,28,54,1.0
surface_derived_period,body,Grass,2020s,fault,838,155,100,456,0.5441527446300716
surface_derived_period,body,Grass,2020s,continuation_or_other,2149,166,106,1352,0.6291298278268962
surface_derived_period,T,Hard,to_2009,ace,10204,1224,219,10204,1.0
surface_derived_period,T,Hard,to_2009,unreturned,869,325,107,869,1.0
surface_derived_period,T,Hard,to_2009,fault,42178,1249,234,21582,0.5116885580160273
surface_derived_period,T,Hard,to_2009,continuation_or_other,45224,1251,237,30677,0.6783345126481515
surface_derived_period,T,Hard,2010s,ace,9905,1387,292,9905,1.0
surface_derived_period,T,Hard,2010s,unreturned,1869,551,169,1869,1.0
surface_derived_period,T,Hard,2010s,fault,38497,1415,323,19663,0.5107670727589163
surface_derived_period,T,Hard,2010s,continuation_or_other,46280,1415,323,31220,0.6745894554883319
surface_derived_period,T,Hard,2020s,ace,9016,1171,245,9016,1.0
surface_derived_period,T,Hard,2020s,unreturned,2560,554,148,2560,1.0
surface_derived_period,T,Hard,2020s,fault,31799,1183,268,16053,0.504827195823768
surface_derived_period,T,Hard,2020s,continuation_or_other,41395,1183,269,27630,0.6674719168981761
surface_derived_period,T,Clay,to_2009,ace,1890,369,139,1890,1.0
surface_derived_period,T,Clay,to_2009,unreturned,211,94,55,211,1.0
surface_derived_period,T,Clay,to_2009,fault,12924,404,178,6470,0.5006190034045187
surface_derived_period,T,Clay,to_2009,continuation_or_other,14907,404,178,9597,0.6437915073455424
surface_derived_period,T,Clay,2010s,ace,2537,544,194,2537,1.0
surface_derived_period,T,Clay,2010s,unreturned,459,199,100,459,1.0
surface_derived_period,T,Clay,2010s,fault,14852,583,235,7422,0.4997306760032319
surface_derived_period,T,Clay,2010s,continuation_or_other,19155,583,235,12523,0.6537718611328635
surface_derived_period,T,Clay,2020s,ace,1953,420,165,1953,1.0
surface_derived_period,T,Clay,2020s,unreturned,717,186,98,717,1.0
surface_derived_period,T,Clay,2020s,fault,11415,452,203,5680,0.49759088918090233
surface_derived_period,T,Clay,2020s,continuation_or_other,15668,452,203,10153,0.6480086801123308
surface_derived_period,T,Grass,to_2009,ace,2670,271,131,2670,1.0
surface_derived_period,T,Grass,to_2009,unreturned,457,118,73,457,1.0
surface_derived_period,T,Grass,to_2009,fault,11421,297,150,6075,0.5319148936170213
surface_derived_period,T,Grass,to_2009,continuation_or_other,13782,301,150,9626,0.6984472500362792
surface_derived_period,T,Grass,2010s,ace,2489,231,113,2489,1.0
surface_derived_period,T,Grass,2010s,unreturned,314,82,63,314,1.0
surface_derived_period,T,Grass,2010s,fault,7203,234,121,3839,0.5329723726225184
surface_derived_period,T,Grass,2010s,continuation_or_other,10602,234,122,7459,0.7035465006602528
surface_derived_period,T,Grass,2020s,ace,1614,168,102,1614,1.0
surface_derived_period,T,Grass,2020s,unreturned,479,83,63,479,1.0
surface_derived_period,T,Grass,2020s,fault,5084,170,107,2678,0.526750590086546
surface_derived_period,T,Grass,2020s,continuation_or_other,6674,170,107,4521,0.6774048546598741
