scope,surface,direction,cut_kind,point_cut,match_cut,directional_points,directional_matches,directional_server_wins,first_date,last_date,possible_servers,observed_servers,zero_evidence_servers,eligible_servers,eligible_server_rate,eligible_matches,min_points,p25_points,median_points,p75_points,p90_points,max_points,min_matches,p25_matches,median_matches,p75_matches,p90_matches,max_matches
global,ALL,wide,point_only,25,0,480712,5993,310040,1960-05-29,2023-12-31,870,870,0,756,0.8689655172413793,5988,7.0,35.0,83.0,328.75,1259.8000000000002,30303.0,1.0,1.0,2.0,9.0,32.0,722.0
global,ALL,wide,point_only,50,0,480712,5993,310040,1960-05-29,2023-12-31,870,870,0,566,0.6505747126436782,5964,7.0,35.0,83.0,328.75,1259.8000000000002,30303.0,1.0,1.0,2.0,9.0,32.0,722.0
global,ALL,wide,point_only,100,0,480712,5993,310040,1960-05-29,2023-12-31,870,870,0,401,0.46091954022988507,5931,7.0,35.0,83.0,328.75,1259.8000000000002,30303.0,1.0,1.0,2.0,9.0,32.0,722.0
global,ALL,wide,match_only,0,3,480712,5993,310040,1960-05-29,2023-12-31,870,870,0,403,0.4632183908045977,5946,7.0,35.0,83.0,328.75,1259.8000000000002,30303.0,1.0,1.0,2.0,9.0,32.0,722.0
global,ALL,wide,match_only,0,5,480712,5993,310040,1960-05-29,2023-12-31,870,870,0,310,0.3563218390804598,5897,7.0,35.0,83.0,328.75,1259.8000000000002,30303.0,1.0,1.0,2.0,9.0,32.0,722.0
global,ALL,wide,match_only,0,10,480712,5993,310040,1960-05-29,2023-12-31,870,870,0,199,0.22873563218390805,5773,7.0,35.0,83.0,328.75,1259.8000000000002,30303.0,1.0,1.0,2.0,9.0,32.0,722.0
global,ALL,wide,joint,25,3,480712,5993,310040,1960-05-29,2023-12-31,870,870,0,403,0.4632183908045977,5946,7.0,35.0,83.0,328.75,1259.8000000000002,30303.0,1.0,1.0,2.0,9.0,32.0,722.0
global,ALL,wide,joint,25,5,480712,5993,310040,1960-05-29,2023-12-31,870,870,0,310,0.3563218390804598,5897,7.0,35.0,83.0,328.75,1259.8000000000002,30303.0,1.0,1.0,2.0,9.0,32.0,722.0
global,ALL,wide,joint,25,10,480712,5993,310040,1960-05-29,2023-12-31,870,870,0,199,0.22873563218390805,5773,7.0,35.0,83.0,328.75,1259.8000000000002,30303.0,1.0,1.0,2.0,9.0,32.0,722.0
global,ALL,wide,joint,50,3,480712,5993,310040,1960-05-29,2023-12-31,870,870,0,403,0.4632183908045977,5946,7.0,35.0,83.0,328.75,1259.8000000000002,30303.0,1.0,1.0,2.0,9.0,32.0,722.0
global,ALL,wide,joint,50,5,480712,5993,310040,1960-05-29,2023-12-31,870,870,0,310,0.3563218390804598,5897,7.0,35.0,83.0,328.75,1259.8000000000002,30303.0,1.0,1.0,2.0,9.0,32.0,722.0
global,ALL,wide,joint,50,10,480712,5993,310040,1960-05-29,2023-12-31,870,870,0,199,0.22873563218390805,5773,7.0,35.0,83.0,328.75,1259.8000000000002,30303.0,1.0,1.0,2.0,9.0,32.0,722.0
global,ALL,wide,joint,100,3,480712,5993,310040,1960-05-29,2023-12-31,870,870,0,380,0.4367816091954023,5929,7.0,35.0,83.0,328.75,1259.8000000000002,30303.0,1.0,1.0,2.0,9.0,32.0,722.0
global,ALL,wide,joint,100,5,480712,5993,310040,1960-05-29,2023-12-31,870,870,0,310,0.3563218390804598,5897,7.0,35.0,83.0,328.75,1259.8000000000002,30303.0,1.0,1.0,2.0,9.0,32.0,722.0
global,ALL,wide,joint,100,10,480712,5993,310040,1960-05-29,2023-12-31,870,870,0,199,0.22873563218390805,5773,7.0,35.0,83.0,328.75,1259.8000000000002,30303.0,1.0,1.0,2.0,9.0,32.0,722.0
global,ALL,body,point_only,25,0,99906,5937,59673,1960-05-29,2023-12-31,870,868,2,413,0.4747126436781609,5830,0.0,10.0,22.0,80.0,270.20000000000005,6124.0,0.0,1.0,2.0,8.75,31.0,673.0
global,ALL,body,point_only,50,0,99906,5937,59673,1960-05-29,2023-12-31,870,868,2,282,0.32413793103448274,5745,0.0,10.0,22.0,80.0,270.20000000000005,6124.0,0.0,1.0,2.0,8.75,31.0,673.0
global,ALL,body,point_only,100,0,99906,5937,59673,1960-05-29,2023-12-31,870,868,2,192,0.2206896551724138,5607,0.0,10.0,22.0,80.0,270.20000000000005,6124.0,0.0,1.0,2.0,8.75,31.0,673.0
global,ALL,body,match_only,0,3,99906,5937,59673,1960-05-29,2023-12-31,870,868,2,401,0.46091954022988507,5861,0.0,10.0,22.0,80.0,270.20000000000005,6124.0,0.0,1.0,2.0,8.75,31.0,673.0
global,ALL,body,match_only,0,5,99906,5937,59673,1960-05-29,2023-12-31,870,868,2,306,0.35172413793103446,5794,0.0,10.0,22.0,80.0,270.20000000000005,6124.0,0.0,1.0,2.0,8.75,31.0,673.0
global,ALL,body,match_only,0,10,99906,5937,59673,1960-05-29,2023-12-31,870,868,2,198,0.22758620689655173,5638,0.0,10.0,22.0,80.0,270.20000000000005,6124.0,0.0,1.0,2.0,8.75,31.0,673.0
global,ALL,body,joint,25,3,99906,5937,59673,1960-05-29,2023-12-31,870,868,2,355,0.40804597701149425,5814,0.0,10.0,22.0,80.0,270.20000000000005,6124.0,0.0,1.0,2.0,8.75,31.0,673.0
global,ALL,body,joint,25,5,99906,5937,59673,1960-05-29,2023-12-31,870,868,2,298,0.3425287356321839,5785,0.0,10.0,22.0,80.0,270.20000000000005,6124.0,0.0,1.0,2.0,8.75,31.0,673.0
global,ALL,body,joint,25,10,99906,5937,59673,1960-05-29,2023-12-31,870,868,2,198,0.22758620689655173,5638,0.0,10.0,22.0,80.0,270.20000000000005,6124.0,0.0,1.0,2.0,8.75,31.0,673.0
global,ALL,body,joint,50,3,99906,5937,59673,1960-05-29,2023-12-31,870,868,2,275,0.3160919540229885,5742,0.0,10.0,22.0,80.0,270.20000000000005,6124.0,0.0,1.0,2.0,8.75,31.0,673.0
global,ALL,body,joint,50,5,99906,5937,59673,1960-05-29,2023-12-31,870,868,2,261,0.3,5732,0.0,10.0,22.0,80.0,270.20000000000005,6124.0,0.0,1.0,2.0,8.75,31.0,673.0
global,ALL,body,joint,50,10,99906,5937,59673,1960-05-29,2023-12-31,870,868,2,196,0.22528735632183908,5635,0.0,10.0,22.0,80.0,270.20000000000005,6124.0,0.0,1.0,2.0,8.75,31.0,673.0
global,ALL,body,joint,100,3,99906,5937,59673,1960-05-29,2023-12-31,870,868,2,192,0.2206896551724138,5607,0.0,10.0,22.0,80.0,270.20000000000005,6124.0,0.0,1.0,2.0,8.75,31.0,673.0
global,ALL,body,joint,100,5,99906,5937,59673,1960-05-29,2023-12-31,870,868,2,190,0.21839080459770116,5606,0.0,10.0,22.0,80.0,270.20000000000005,6124.0,0.0,1.0,2.0,8.75,31.0,673.0
global,ALL,body,joint,100,10,99906,5937,59673,1960-05-29,2023-12-31,870,868,2,174,0.2,5574,0.0,10.0,22.0,80.0,270.20000000000005,6124.0,0.0,1.0,2.0,8.75,31.0,673.0
global,ALL,T,point_only,25,0,439273,5993,283081,1960-05-29,2023-12-31,870,870,0,730,0.8390804597701149,5981,2.0,32.0,78.5,296.75,1163.3000000000002,25479.0,1.0,1.0,2.0,9.0,32.0,722.0
global,ALL,T,point_only,50,0,439273,5993,283081,1960-05-29,2023-12-31,870,870,0,537,0.6172413793103448,5963,2.0,32.0,78.5,296.75,1163.3000000000002,25479.0,1.0,1.0,2.0,9.0,32.0,722.0
global,ALL,T,point_only,100,0,439273,5993,283081,1960-05-29,2023-12-31,870,870,0,389,0.4471264367816092,5927,2.0,32.0,78.5,296.75,1163.3000000000002,25479.0,1.0,1.0,2.0,9.0,32.0,722.0
global,ALL,T,match_only,0,3,439273,5993,283081,1960-05-29,2023-12-31,870,870,0,403,0.4632183908045977,5946,2.0,32.0,78.5,296.75,1163.3000000000002,25479.0,1.0,1.0,2.0,9.0,32.0,722.0
global,ALL,T,match_only,0,5,439273,5993,283081,1960-05-29,2023-12-31,870,870,0,310,0.3563218390804598,5897,2.0,32.0,78.5,296.75,1163.3000000000002,25479.0,1.0,1.0,2.0,9.0,32.0,722.0
global,ALL,T,match_only,0,10,439273,5993,283081,1960-05-29,2023-12-31,870,870,0,199,0.22873563218390805,5773,2.0,32.0,78.5,296.75,1163.3000000000002,25479.0,1.0,1.0,2.0,9.0,32.0,722.0
global,ALL,T,joint,25,3,439273,5993,283081,1960-05-29,2023-12-31,870,870,0,403,0.4632183908045977,5946,2.0,32.0,78.5,296.75,1163.3000000000002,25479.0,1.0,1.0,2.0,9.0,32.0,722.0
global,ALL,T,joint,25,5,439273,5993,283081,1960-05-29,2023-12-31,870,870,0,310,0.3563218390804598,5897,2.0,32.0,78.5,296.75,1163.3000000000002,25479.0,1.0,1.0,2.0,9.0,32.0,722.0
global,ALL,T,joint,25,10,439273,5993,283081,1960-05-29,2023-12-31,870,870,0,199,0.22873563218390805,5773,2.0,32.0,78.5,296.75,1163.3000000000002,25479.0,1.0,1.0,2.0,9.0,32.0,722.0
global,ALL,T,joint,50,3,439273,5993,283081,1960-05-29,2023-12-31,870,870,0,402,0.46206896551724136,5945,2.0,32.0,78.5,296.75,1163.3000000000002,25479.0,1.0,1.0,2.0,9.0,32.0,722.0
global,ALL,T,joint,50,5,439273,5993,283081,1960-05-29,2023-12-31,870,870,0,310,0.3563218390804598,5897,2.0,32.0,78.5,296.75,1163.3000000000002,25479.0,1.0,1.0,2.0,9.0,32.0,722.0
global,ALL,T,joint,50,10,439273,5993,283081,1960-05-29,2023-12-31,870,870,0,199,0.22873563218390805,5773,2.0,32.0,78.5,296.75,1163.3000000000002,25479.0,1.0,1.0,2.0,9.0,32.0,722.0
global,ALL,T,joint,100,3,439273,5993,283081,1960-05-29,2023-12-31,870,870,0,374,0.4298850574712644,5927,2.0,32.0,78.5,296.75,1163.3000000000002,25479.0,1.0,1.0,2.0,9.0,32.0,722.0
global,ALL,T,joint,100,5,439273,5993,283081,1960-05-29,2023-12-31,870,870,0,309,0.35517241379310344,5897,2.0,32.0,78.5,296.75,1163.3000000000002,25479.0,1.0,1.0,2.0,9.0,32.0,722.0
global,ALL,T,joint,100,10,439273,5993,283081,1960-05-29,2023-12-31,870,870,0,199,0.22873563218390805,5773,2.0,32.0,78.5,296.75,1163.3000000000002,25479.0,1.0,1.0,2.0,9.0,32.0,722.0
surface,Hard,wide,point_only,25,0,300131,3849,194861,1975-12-19,2023-12-31,643,643,0,559,0.8693623639191291,3843,10.0,36.0,85.0,336.5,1153.400000000004,18973.0,1.0,1.0,2.0,9.0,29.0,473.0
surface,Hard,wide,point_only,50,0,300131,3849,194861,1975-12-19,2023-12-31,643,643,0,420,0.6531881804043546,3826,10.0,36.0,85.0,336.5,1153.400000000004,18973.0,1.0,1.0,2.0,9.0,29.0,473.0
surface,Hard,wide,point_only,100,0,300131,3849,194861,1975-12-19,2023-12-31,643,643,0,300,0.4665629860031104,3806,10.0,36.0,85.0,336.5,1153.400000000004,18973.0,1.0,1.0,2.0,9.0,29.0,473.0
surface,Hard,wide,match_only,0,3,300131,3849,194861,1975-12-19,2023-12-31,643,643,0,310,0.4821150855365474,3814,10.0,36.0,85.0,336.5,1153.400000000004,18973.0,1.0,1.0,2.0,9.0,29.0,473.0
surface,Hard,wide,match_only,0,5,300131,3849,194861,1975-12-19,2023-12-31,643,643,0,233,0.36236391912908245,3776,10.0,36.0,85.0,336.5,1153.400000000004,18973.0,1.0,1.0,2.0,9.0,29.0,473.0
surface,Hard,wide,match_only,0,10,300131,3849,194861,1975-12-19,2023-12-31,643,643,0,150,0.2332814930015552,3697,10.0,36.0,85.0,336.5,1153.400000000004,18973.0,1.0,1.0,2.0,9.0,29.0,473.0
surface,Hard,wide,joint,25,3,300131,3849,194861,1975-12-19,2023-12-31,643,643,0,310,0.4821150855365474,3814,10.0,36.0,85.0,336.5,1153.400000000004,18973.0,1.0,1.0,2.0,9.0,29.0,473.0
surface,Hard,wide,joint,25,5,300131,3849,194861,1975-12-19,2023-12-31,643,643,0,233,0.36236391912908245,3776,10.0,36.0,85.0,336.5,1153.400000000004,18973.0,1.0,1.0,2.0,9.0,29.0,473.0
surface,Hard,wide,joint,25,10,300131,3849,194861,1975-12-19,2023-12-31,643,643,0,150,0.2332814930015552,3697,10.0,36.0,85.0,336.5,1153.400000000004,18973.0,1.0,1.0,2.0,9.0,29.0,473.0
surface,Hard,wide,joint,50,3,300131,3849,194861,1975-12-19,2023-12-31,643,643,0,310,0.4821150855365474,3814,10.0,36.0,85.0,336.5,1153.400000000004,18973.0,1.0,1.0,2.0,9.0,29.0,473.0
surface,Hard,wide,joint,50,5,300131,3849,194861,1975-12-19,2023-12-31,643,643,0,233,0.36236391912908245,3776,10.0,36.0,85.0,336.5,1153.400000000004,18973.0,1.0,1.0,2.0,9.0,29.0,473.0
surface,Hard,wide,joint,50,10,300131,3849,194861,1975-12-19,2023-12-31,643,643,0,150,0.2332814930015552,3697,10.0,36.0,85.0,336.5,1153.400000000004,18973.0,1.0,1.0,2.0,9.0,29.0,473.0
surface,Hard,wide,joint,100,3,300131,3849,194861,1975-12-19,2023-12-31,643,643,0,291,0.4525660964230171,3806,10.0,36.0,85.0,336.5,1153.400000000004,18973.0,1.0,1.0,2.0,9.0,29.0,473.0
surface,Hard,wide,joint,100,5,300131,3849,194861,1975-12-19,2023-12-31,643,643,0,233,0.36236391912908245,3776,10.0,36.0,85.0,336.5,1153.400000000004,18973.0,1.0,1.0,2.0,9.0,29.0,473.0
surface,Hard,wide,joint,100,10,300131,3849,194861,1975-12-19,2023-12-31,643,643,0,150,0.2332814930015552,3697,10.0,36.0,85.0,336.5,1153.400000000004,18973.0,1.0,1.0,2.0,9.0,29.0,473.0
surface,Hard,body,point_only,25,0,60440,3811,36151,1975-12-19,2023-12-31,643,641,2,314,0.48833592534992226,3724,0.0,9.0,24.0,73.0,225.60000000000014,3074.0,0.0,1.0,2.0,8.0,27.0,444.0
surface,Hard,body,point_only,50,0,60440,3811,36151,1975-12-19,2023-12-31,643,641,2,195,0.30326594090202175,3651,0.0,9.0,24.0,73.0,225.60000000000014,3074.0,0.0,1.0,2.0,8.0,27.0,444.0
surface,Hard,body,point_only,100,0,60440,3811,36151,1975-12-19,2023-12-31,643,641,2,134,0.208398133748056,3521,0.0,9.0,24.0,73.0,225.60000000000014,3074.0,0.0,1.0,2.0,8.0,27.0,444.0
surface,Hard,body,match_only,0,3,60440,3811,36151,1975-12-19,2023-12-31,643,641,2,309,0.48055987558320373,3748,0.0,9.0,24.0,73.0,225.60000000000014,3074.0,0.0,1.0,2.0,8.0,27.0,444.0
surface,Hard,body,match_only,0,5,60440,3811,36151,1975-12-19,2023-12-31,643,641,2,230,0.35769828926905134,3697,0.0,9.0,24.0,73.0,225.60000000000014,3074.0,0.0,1.0,2.0,8.0,27.0,444.0
surface,Hard,body,match_only,0,10,60440,3811,36151,1975-12-19,2023-12-31,643,641,2,144,0.223950233281493,3589,0.0,9.0,24.0,73.0,225.60000000000014,3074.0,0.0,1.0,2.0,8.0,27.0,444.0
surface,Hard,body,joint,25,3,60440,3811,36151,1975-12-19,2023-12-31,643,641,2,271,0.4214618973561431,3714,0.0,9.0,24.0,73.0,225.60000000000014,3074.0,0.0,1.0,2.0,8.0,27.0,444.0
surface,Hard,body,joint,25,5,60440,3811,36151,1975-12-19,2023-12-31,643,641,2,221,0.343701399688958,3688,0.0,9.0,24.0,73.0,225.60000000000014,3074.0,0.0,1.0,2.0,8.0,27.0,444.0
surface,Hard,body,joint,25,10,60440,3811,36151,1975-12-19,2023-12-31,643,641,2,144,0.223950233281493,3589,0.0,9.0,24.0,73.0,225.60000000000014,3074.0,0.0,1.0,2.0,8.0,27.0,444.0
surface,Hard,body,joint,50,3,60440,3811,36151,1975-12-19,2023-12-31,643,641,2,195,0.30326594090202175,3651,0.0,9.0,24.0,73.0,225.60000000000014,3074.0,0.0,1.0,2.0,8.0,27.0,444.0
surface,Hard,body,joint,50,5,60440,3811,36151,1975-12-19,2023-12-31,643,641,2,188,0.29237947122861585,3647,0.0,9.0,24.0,73.0,225.60000000000014,3074.0,0.0,1.0,2.0,8.0,27.0,444.0
surface,Hard,body,joint,50,10,60440,3811,36151,1975-12-19,2023-12-31,643,641,2,142,0.2208398133748056,3580,0.0,9.0,24.0,73.0,225.60000000000014,3074.0,0.0,1.0,2.0,8.0,27.0,444.0
surface,Hard,body,joint,100,3,60440,3811,36151,1975-12-19,2023-12-31,643,641,2,134,0.208398133748056,3521,0.0,9.0,24.0,73.0,225.60000000000014,3074.0,0.0,1.0,2.0,8.0,27.0,444.0
surface,Hard,body,joint,100,5,60440,3811,36151,1975-12-19,2023-12-31,643,641,2,134,0.208398133748056,3521,0.0,9.0,24.0,73.0,225.60000000000014,3074.0,0.0,1.0,2.0,8.0,27.0,444.0
surface,Hard,body,joint,100,10,60440,3811,36151,1975-12-19,2023-12-31,643,641,2,122,0.18973561430793157,3501,0.0,9.0,24.0,73.0,225.60000000000014,3074.0,0.0,1.0,2.0,8.0,27.0,444.0
surface,Hard,T,point_only,25,0,279796,3849,181248,1975-12-19,2023-12-31,643,643,0,557,0.8662519440124417,3840,5.0,34.0,87.0,289.0,1017.8000000000028,15948.0,1.0,1.0,2.0,9.0,29.0,473.0
surface,Hard,T,point_only,50,0,279796,3849,181248,1975-12-19,2023-12-31,643,643,0,418,0.6500777604976672,3826,5.0,34.0,87.0,289.0,1017.8000000000028,15948.0,1.0,1.0,2.0,9.0,29.0,473.0
surface,Hard,T,point_only,100,0,279796,3849,181248,1975-12-19,2023-12-31,643,643,0,304,0.4727838258164852,3807,5.0,34.0,87.0,289.0,1017.8000000000028,15948.0,1.0,1.0,2.0,9.0,29.0,473.0
surface,Hard,T,match_only,0,3,279796,3849,181248,1975-12-19,2023-12-31,643,643,0,310,0.4821150855365474,3814,5.0,34.0,87.0,289.0,1017.8000000000028,15948.0,1.0,1.0,2.0,9.0,29.0,473.0
surface,Hard,T,match_only,0,5,279796,3849,181248,1975-12-19,2023-12-31,643,643,0,233,0.36236391912908245,3776,5.0,34.0,87.0,289.0,1017.8000000000028,15948.0,1.0,1.0,2.0,9.0,29.0,473.0
surface,Hard,T,match_only,0,10,279796,3849,181248,1975-12-19,2023-12-31,643,643,0,150,0.2332814930015552,3697,5.0,34.0,87.0,289.0,1017.8000000000028,15948.0,1.0,1.0,2.0,9.0,29.0,473.0
surface,Hard,T,joint,25,3,279796,3849,181248,1975-12-19,2023-12-31,643,643,0,310,0.4821150855365474,3814,5.0,34.0,87.0,289.0,1017.8000000000028,15948.0,1.0,1.0,2.0,9.0,29.0,473.0
surface,Hard,T,joint,25,5,279796,3849,181248,1975-12-19,2023-12-31,643,643,0,233,0.36236391912908245,3776,5.0,34.0,87.0,289.0,1017.8000000000028,15948.0,1.0,1.0,2.0,9.0,29.0,473.0
surface,Hard,T,joint,25,10,279796,3849,181248,1975-12-19,2023-12-31,643,643,0,150,0.2332814930015552,3697,5.0,34.0,87.0,289.0,1017.8000000000028,15948.0,1.0,1.0,2.0,9.0,29.0,473.0
surface,Hard,T,joint,50,3,279796,3849,181248,1975-12-19,2023-12-31,643,643,0,309,0.48055987558320373,3813,5.0,34.0,87.0,289.0,1017.8000000000028,15948.0,1.0,1.0,2.0,9.0,29.0,473.0
surface,Hard,T,joint,50,5,279796,3849,181248,1975-12-19,2023-12-31,643,643,0,233,0.36236391912908245,3776,5.0,34.0,87.0,289.0,1017.8000000000028,15948.0,1.0,1.0,2.0,9.0,29.0,473.0
surface,Hard,T,joint,50,10,279796,3849,181248,1975-12-19,2023-12-31,643,643,0,150,0.2332814930015552,3697,5.0,34.0,87.0,289.0,1017.8000000000028,15948.0,1.0,1.0,2.0,9.0,29.0,473.0
surface,Hard,T,joint,100,3,279796,3849,181248,1975-12-19,2023-12-31,643,643,0,290,0.4510108864696734,3806,5.0,34.0,87.0,289.0,1017.8000000000028,15948.0,1.0,1.0,2.0,9.0,29.0,473.0
surface,Hard,T,joint,100,5,279796,3849,181248,1975-12-19,2023-12-31,643,643,0,233,0.36236391912908245,3776,5.0,34.0,87.0,289.0,1017.8000000000028,15948.0,1.0,1.0,2.0,9.0,29.0,473.0
surface,Hard,T,joint,100,10,279796,3849,181248,1975-12-19,2023-12-31,643,643,0,150,0.2332814930015552,3697,5.0,34.0,87.0,289.0,1017.8000000000028,15948.0,1.0,1.0,2.0,9.0,29.0,473.0
surface,Clay,wide,point_only,25,0,115476,1439,71471,1960-05-29,2023-08-05,499,499,0,433,0.8677354709418837,1435,7.0,35.0,72.0,229.0,606.0,5722.0,1.0,1.0,2.0,5.5,14.0,159.0
surface,Clay,wide,point_only,50,0,115476,1439,71471,1960-05-29,2023-08-05,499,499,0,308,0.6172344689378757,1421,7.0,35.0,72.0,229.0,606.0,5722.0,1.0,1.0,2.0,5.5,14.0,159.0
surface,Clay,wide,point_only,100,0,115476,1439,71471,1960-05-29,2023-08-05,499,499,0,197,0.39478957915831664,1390,7.0,35.0,72.0,229.0,606.0,5722.0,1.0,1.0,2.0,5.5,14.0,159.0
surface,Clay,wide,match_only,0,3,115476,1439,71471,1960-05-29,2023-08-05,499,499,0,203,0.40681362725450904,1404,7.0,35.0,72.0,229.0,606.0,5722.0,1.0,1.0,2.0,5.5,14.0,159.0
surface,Clay,wide,match_only,0,5,115476,1439,71471,1960-05-29,2023-08-05,499,499,0,144,0.28857715430861725,1357,7.0,35.0,72.0,229.0,606.0,5722.0,1.0,1.0,2.0,5.5,14.0,159.0
surface,Clay,wide,match_only,0,10,115476,1439,71471,1960-05-29,2023-08-05,499,499,0,83,0.16633266533066132,1256,7.0,35.0,72.0,229.0,606.0,5722.0,1.0,1.0,2.0,5.5,14.0,159.0
surface,Clay,wide,joint,25,3,115476,1439,71471,1960-05-29,2023-08-05,499,499,0,203,0.40681362725450904,1404,7.0,35.0,72.0,229.0,606.0,5722.0,1.0,1.0,2.0,5.5,14.0,159.0
surface,Clay,wide,joint,25,5,115476,1439,71471,1960-05-29,2023-08-05,499,499,0,144,0.28857715430861725,1357,7.0,35.0,72.0,229.0,606.0,5722.0,1.0,1.0,2.0,5.5,14.0,159.0
surface,Clay,wide,joint,25,10,115476,1439,71471,1960-05-29,2023-08-05,499,499,0,83,0.16633266533066132,1256,7.0,35.0,72.0,229.0,606.0,5722.0,1.0,1.0,2.0,5.5,14.0,159.0
surface,Clay,wide,joint,50,3,115476,1439,71471,1960-05-29,2023-08-05,499,499,0,203,0.40681362725450904,1404,7.0,35.0,72.0,229.0,606.0,5722.0,1.0,1.0,2.0,5.5,14.0,159.0
surface,Clay,wide,joint,50,5,115476,1439,71471,1960-05-29,2023-08-05,499,499,0,144,0.28857715430861725,1357,7.0,35.0,72.0,229.0,606.0,5722.0,1.0,1.0,2.0,5.5,14.0,159.0
surface,Clay,wide,joint,50,10,115476,1439,71471,1960-05-29,2023-08-05,499,499,0,83,0.16633266533066132,1256,7.0,35.0,72.0,229.0,606.0,5722.0,1.0,1.0,2.0,5.5,14.0,159.0
surface,Clay,wide,joint,100,3,115476,1439,71471,1960-05-29,2023-08-05,499,499,0,188,0.37675350701402804,1388,7.0,35.0,72.0,229.0,606.0,5722.0,1.0,1.0,2.0,5.5,14.0,159.0
surface,Clay,wide,joint,100,5,115476,1439,71471,1960-05-29,2023-08-05,499,499,0,144,0.28857715430861725,1357,7.0,35.0,72.0,229.0,606.0,5722.0,1.0,1.0,2.0,5.5,14.0,159.0
surface,Clay,wide,joint,100,10,115476,1439,71471,1960-05-29,2023-08-05,499,499,0,83,0.16633266533066132,1256,7.0,35.0,72.0,229.0,606.0,5722.0,1.0,1.0,2.0,5.5,14.0,159.0
surface,Clay,body,point_only,25,0,26096,1428,15208,1960-05-29,2023-08-05,499,495,4,208,0.4168336673346693,1344,0.0,8.0,18.0,49.0,119.99999999999994,2463.0,0.0,1.0,2.0,5.0,13.0,158.0
surface,Clay,body,point_only,50,0,26096,1428,15208,1960-05-29,2023-08-05,499,495,4,124,0.24849699398797595,1276,0.0,8.0,18.0,49.0,119.99999999999994,2463.0,0.0,1.0,2.0,5.0,13.0,158.0
surface,Clay,body,point_only,100,0,26096,1428,15208,1960-05-29,2023-08-05,499,495,4,62,0.12424849699398798,1076,0.0,8.0,18.0,49.0,119.99999999999994,2463.0,0.0,1.0,2.0,5.0,13.0,158.0
surface,Clay,body,match_only,0,3,26096,1428,15208,1960-05-29,2023-08-05,499,495,4,201,0.4028056112224449,1372,0.0,8.0,18.0,49.0,119.99999999999994,2463.0,0.0,1.0,2.0,5.0,13.0,158.0
surface,Clay,body,match_only,0,5,26096,1428,15208,1960-05-29,2023-08-05,499,495,4,141,0.28256513026052105,1310,0.0,8.0,18.0,49.0,119.99999999999994,2463.0,0.0,1.0,2.0,5.0,13.0,158.0
surface,Clay,body,match_only,0,10,26096,1428,15208,1960-05-29,2023-08-05,499,495,4,78,0.156312625250501,1180,0.0,8.0,18.0,49.0,119.99999999999994,2463.0,0.0,1.0,2.0,5.0,13.0,158.0
surface,Clay,body,joint,25,3,26096,1428,15208,1960-05-29,2023-08-05,499,495,4,172,0.34468937875751504,1333,0.0,8.0,18.0,49.0,119.99999999999994,2463.0,0.0,1.0,2.0,5.0,13.0,158.0
surface,Clay,body,joint,25,5,26096,1428,15208,1960-05-29,2023-08-05,499,495,4,137,0.2745490981963928,1301,0.0,8.0,18.0,49.0,119.99999999999994,2463.0,0.0,1.0,2.0,5.0,13.0,158.0
surface,Clay,body,joint,25,10,26096,1428,15208,1960-05-29,2023-08-05,499,495,4,78,0.156312625250501,1180,0.0,8.0,18.0,49.0,119.99999999999994,2463.0,0.0,1.0,2.0,5.0,13.0,158.0
surface,Clay,body,joint,50,3,26096,1428,15208,1960-05-29,2023-08-05,499,495,4,120,0.24048096192384769,1275,0.0,8.0,18.0,49.0,119.99999999999994,2463.0,0.0,1.0,2.0,5.0,13.0,158.0
surface,Clay,body,joint,50,5,26096,1428,15208,1960-05-29,2023-08-05,499,495,4,109,0.218436873747495,1263,0.0,8.0,18.0,49.0,119.99999999999994,2463.0,0.0,1.0,2.0,5.0,13.0,158.0
surface,Clay,body,joint,50,10,26096,1428,15208,1960-05-29,2023-08-05,499,495,4,76,0.1523046092184369,1174,0.0,8.0,18.0,49.0,119.99999999999994,2463.0,0.0,1.0,2.0,5.0,13.0,158.0
surface,Clay,body,joint,100,3,26096,1428,15208,1960-05-29,2023-08-05,499,495,4,62,0.12424849699398798,1076,0.0,8.0,18.0,49.0,119.99999999999994,2463.0,0.0,1.0,2.0,5.0,13.0,158.0
surface,Clay,body,joint,100,5,26096,1428,15208,1960-05-29,2023-08-05,499,495,4,62,0.12424849699398798,1076,0.0,8.0,18.0,49.0,119.99999999999994,2463.0,0.0,1.0,2.0,5.0,13.0,158.0
surface,Clay,body,joint,100,10,26096,1428,15208,1960-05-29,2023-08-05,499,495,4,55,0.11022044088176353,1051,0.0,8.0,18.0,49.0,119.99999999999994,2463.0,0.0,1.0,2.0,5.0,13.0,158.0
surface,Clay,T,point_only,25,0,96688,1439,59612,1960-05-29,2023-08-05,499,499,0,394,0.7895791583166333,1431,2.0,27.5,59.0,175.5,496.9999999999999,4691.0,1.0,1.0,2.0,5.5,14.0,159.0
surface,Clay,T,point_only,50,0,96688,1439,59612,1960-05-29,2023-08-05,499,499,0,279,0.5591182364729459,1417,2.0,27.5,59.0,175.5,496.9999999999999,4691.0,1.0,1.0,2.0,5.5,14.0,159.0
surface,Clay,T,point_only,100,0,96688,1439,59612,1960-05-29,2023-08-05,499,499,0,184,0.3687374749498998,1384,2.0,27.5,59.0,175.5,496.9999999999999,4691.0,1.0,1.0,2.0,5.5,14.0,159.0
surface,Clay,T,match_only,0,3,96688,1439,59612,1960-05-29,2023-08-05,499,499,0,203,0.40681362725450904,1404,2.0,27.5,59.0,175.5,496.9999999999999,4691.0,1.0,1.0,2.0,5.5,14.0,159.0
surface,Clay,T,match_only,0,5,96688,1439,59612,1960-05-29,2023-08-05,499,499,0,144,0.28857715430861725,1357,2.0,27.5,59.0,175.5,496.9999999999999,4691.0,1.0,1.0,2.0,5.5,14.0,159.0
surface,Clay,T,match_only,0,10,96688,1439,59612,1960-05-29,2023-08-05,499,499,0,83,0.16633266533066132,1256,2.0,27.5,59.0,175.5,496.9999999999999,4691.0,1.0,1.0,2.0,5.5,14.0,159.0
surface,Clay,T,joint,25,3,96688,1439,59612,1960-05-29,2023-08-05,499,499,0,203,0.40681362725450904,1404,2.0,27.5,59.0,175.5,496.9999999999999,4691.0,1.0,1.0,2.0,5.5,14.0,159.0
surface,Clay,T,joint,25,5,96688,1439,59612,1960-05-29,2023-08-05,499,499,0,144,0.28857715430861725,1357,2.0,27.5,59.0,175.5,496.9999999999999,4691.0,1.0,1.0,2.0,5.5,14.0,159.0
surface,Clay,T,joint,25,10,96688,1439,59612,1960-05-29,2023-08-05,499,499,0,83,0.16633266533066132,1256,2.0,27.5,59.0,175.5,496.9999999999999,4691.0,1.0,1.0,2.0,5.5,14.0,159.0
surface,Clay,T,joint,50,3,96688,1439,59612,1960-05-29,2023-08-05,499,499,0,201,0.4028056112224449,1402,2.0,27.5,59.0,175.5,496.9999999999999,4691.0,1.0,1.0,2.0,5.5,14.0,159.0
surface,Clay,T,joint,50,5,96688,1439,59612,1960-05-29,2023-08-05,499,499,0,144,0.28857715430861725,1357,2.0,27.5,59.0,175.5,496.9999999999999,4691.0,1.0,1.0,2.0,5.5,14.0,159.0
surface,Clay,T,joint,50,10,96688,1439,59612,1960-05-29,2023-08-05,499,499,0,83,0.16633266533066132,1256,2.0,27.5,59.0,175.5,496.9999999999999,4691.0,1.0,1.0,2.0,5.5,14.0,159.0
surface,Clay,T,joint,100,3,96688,1439,59612,1960-05-29,2023-08-05,499,499,0,181,0.3627254509018036,1384,2.0,27.5,59.0,175.5,496.9999999999999,4691.0,1.0,1.0,2.0,5.5,14.0,159.0
surface,Clay,T,joint,100,5,96688,1439,59612,1960-05-29,2023-08-05,499,499,0,144,0.28857715430861725,1357,2.0,27.5,59.0,175.5,496.9999999999999,4691.0,1.0,1.0,2.0,5.5,14.0,159.0
surface,Clay,T,joint,100,10,96688,1439,59612,1960-05-29,2023-08-05,499,499,0,83,0.16633266533066132,1256,2.0,27.5,59.0,175.5,496.9999999999999,4691.0,1.0,1.0,2.0,5.5,14.0,159.0
surface,Grass,wide,point_only,25,0,65105,705,43708,1960-07-04,2023-07-23,316,316,0,298,0.9430379746835443,705,8.0,42.0,79.5,186.0,489.5,5608.0,1.0,1.0,2.0,4.0,10.5,119.0
surface,Grass,wide,point_only,50,0,65105,705,43708,1960-07-04,2023-07-23,316,316,0,214,0.6772151898734177,699,8.0,42.0,79.5,186.0,489.5,5608.0,1.0,1.0,2.0,4.0,10.5,119.0
surface,Grass,wide,point_only,100,0,65105,705,43708,1960-07-04,2023-07-23,316,316,0,140,0.4430379746835443,691,8.0,42.0,79.5,186.0,489.5,5608.0,1.0,1.0,2.0,4.0,10.5,119.0
surface,Grass,wide,match_only,0,3,65105,705,43708,1960-07-04,2023-07-23,316,316,0,119,0.37658227848101267,686,8.0,42.0,79.5,186.0,489.5,5608.0,1.0,1.0,2.0,4.0,10.5,119.0
surface,Grass,wide,match_only,0,5,65105,705,43708,1960-07-04,2023-07-23,316,316,0,70,0.22151898734177214,654,8.0,42.0,79.5,186.0,489.5,5608.0,1.0,1.0,2.0,4.0,10.5,119.0
surface,Grass,wide,match_only,0,10,65105,705,43708,1960-07-04,2023-07-23,316,316,0,34,0.10759493670886076,573,8.0,42.0,79.5,186.0,489.5,5608.0,1.0,1.0,2.0,4.0,10.5,119.0
surface,Grass,wide,joint,25,3,65105,705,43708,1960-07-04,2023-07-23,316,316,0,119,0.37658227848101267,686,8.0,42.0,79.5,186.0,489.5,5608.0,1.0,1.0,2.0,4.0,10.5,119.0
surface,Grass,wide,joint,25,5,65105,705,43708,1960-07-04,2023-07-23,316,316,0,70,0.22151898734177214,654,8.0,42.0,79.5,186.0,489.5,5608.0,1.0,1.0,2.0,4.0,10.5,119.0
surface,Grass,wide,joint,25,10,65105,705,43708,1960-07-04,2023-07-23,316,316,0,34,0.10759493670886076,573,8.0,42.0,79.5,186.0,489.5,5608.0,1.0,1.0,2.0,4.0,10.5,119.0
surface,Grass,wide,joint,50,3,65105,705,43708,1960-07-04,2023-07-23,316,316,0,119,0.37658227848101267,686,8.0,42.0,79.5,186.0,489.5,5608.0,1.0,1.0,2.0,4.0,10.5,119.0
surface,Grass,wide,joint,50,5,65105,705,43708,1960-07-04,2023-07-23,316,316,0,70,0.22151898734177214,654,8.0,42.0,79.5,186.0,489.5,5608.0,1.0,1.0,2.0,4.0,10.5,119.0
surface,Grass,wide,joint,50,10,65105,705,43708,1960-07-04,2023-07-23,316,316,0,34,0.10759493670886076,573,8.0,42.0,79.5,186.0,489.5,5608.0,1.0,1.0,2.0,4.0,10.5,119.0
surface,Grass,wide,joint,100,3,65105,705,43708,1960-07-04,2023-07-23,316,316,0,113,0.3575949367088608,685,8.0,42.0,79.5,186.0,489.5,5608.0,1.0,1.0,2.0,4.0,10.5,119.0
surface,Grass,wide,joint,100,5,65105,705,43708,1960-07-04,2023-07-23,316,316,0,70,0.22151898734177214,654,8.0,42.0,79.5,186.0,489.5,5608.0,1.0,1.0,2.0,4.0,10.5,119.0
surface,Grass,wide,joint,100,10,65105,705,43708,1960-07-04,2023-07-23,316,316,0,34,0.10759493670886076,573,8.0,42.0,79.5,186.0,489.5,5608.0,1.0,1.0,2.0,4.0,10.5,119.0
surface,Grass,body,point_only,25,0,13370,698,8314,1960-07-04,2023-07-23,316,314,2,126,0.3987341772151899,667,0.0,9.0,20.0,42.5,83.0,657.0,0.0,1.0,2.0,4.0,10.0,114.0
surface,Grass,body,point_only,50,0,13370,698,8314,1960-07-04,2023-07-23,316,314,2,68,0.21518987341772153,605,0.0,9.0,20.0,42.5,83.0,657.0,0.0,1.0,2.0,4.0,10.0,114.0
surface,Grass,body,point_only,100,0,13370,698,8314,1960-07-04,2023-07-23,316,314,2,27,0.08544303797468354,481,0.0,9.0,20.0,42.5,83.0,657.0,0.0,1.0,2.0,4.0,10.0,114.0
surface,Grass,body,match_only,0,3,13370,698,8314,1960-07-04,2023-07-23,316,314,2,115,0.3639240506329114,672,0.0,9.0,20.0,42.5,83.0,657.0,0.0,1.0,2.0,4.0,10.0,114.0
surface,Grass,body,match_only,0,5,13370,698,8314,1960-07-04,2023-07-23,316,314,2,67,0.2120253164556962,634,0.0,9.0,20.0,42.5,83.0,657.0,0.0,1.0,2.0,4.0,10.0,114.0
surface,Grass,body,match_only,0,10,13370,698,8314,1960-07-04,2023-07-23,316,314,2,33,0.10443037974683544,548,0.0,9.0,20.0,42.5,83.0,657.0,0.0,1.0,2.0,4.0,10.0,114.0
surface,Grass,body,joint,25,3,13370,698,8314,1960-07-04,2023-07-23,316,314,2,100,0.31645569620253167,660,0.0,9.0,20.0,42.5,83.0,657.0,0.0,1.0,2.0,4.0,10.0,114.0
surface,Grass,body,joint,25,5,13370,698,8314,1960-07-04,2023-07-23,316,314,2,65,0.20569620253164558,631,0.0,9.0,20.0,42.5,83.0,657.0,0.0,1.0,2.0,4.0,10.0,114.0
surface,Grass,body,joint,25,10,13370,698,8314,1960-07-04,2023-07-23,316,314,2,33,0.10443037974683544,548,0.0,9.0,20.0,42.5,83.0,657.0,0.0,1.0,2.0,4.0,10.0,114.0
surface,Grass,body,joint,50,3,13370,698,8314,1960-07-04,2023-07-23,316,314,2,60,0.189873417721519,602,0.0,9.0,20.0,42.5,83.0,657.0,0.0,1.0,2.0,4.0,10.0,114.0
surface,Grass,body,joint,50,5,13370,698,8314,1960-07-04,2023-07-23,316,314,2,50,0.15822784810126583,593,0.0,9.0,20.0,42.5,83.0,657.0,0.0,1.0,2.0,4.0,10.0,114.0
surface,Grass,body,joint,50,10,13370,698,8314,1960-07-04,2023-07-23,316,314,2,30,0.0949367088607595,536,0.0,9.0,20.0,42.5,83.0,657.0,0.0,1.0,2.0,4.0,10.0,114.0
surface,Grass,body,joint,100,3,13370,698,8314,1960-07-04,2023-07-23,316,314,2,27,0.08544303797468354,481,0.0,9.0,20.0,42.5,83.0,657.0,0.0,1.0,2.0,4.0,10.0,114.0
surface,Grass,body,joint,100,5,13370,698,8314,1960-07-04,2023-07-23,316,314,2,26,0.08227848101265822,479,0.0,9.0,20.0,42.5,83.0,657.0,0.0,1.0,2.0,4.0,10.0,114.0
surface,Grass,body,joint,100,10,13370,698,8314,1960-07-04,2023-07-23,316,314,2,22,0.06962025316455696,463,0.0,9.0,20.0,42.5,83.0,657.0,0.0,1.0,2.0,4.0,10.0,114.0
surface,Grass,T,point_only,25,0,62789,705,42221,1960-07-04,2023-07-23,316,316,0,297,0.939873417721519,703,10.0,40.75,72.0,187.75,436.5,4840.0,1.0,1.0,2.0,4.0,10.5,119.0
surface,Grass,T,point_only,50,0,62789,705,42221,1960-07-04,2023-07-23,316,316,0,208,0.6582278481012658,700,10.0,40.75,72.0,187.75,436.5,4840.0,1.0,1.0,2.0,4.0,10.5,119.0
surface,Grass,T,point_only,100,0,62789,705,42221,1960-07-04,2023-07-23,316,316,0,128,0.4050632911392405,687,10.0,40.75,72.0,187.75,436.5,4840.0,1.0,1.0,2.0,4.0,10.5,119.0
surface,Grass,T,match_only,0,3,62789,705,42221,1960-07-04,2023-07-23,316,316,0,119,0.37658227848101267,686,10.0,40.75,72.0,187.75,436.5,4840.0,1.0,1.0,2.0,4.0,10.5,119.0
surface,Grass,T,match_only,0,5,62789,705,42221,1960-07-04,2023-07-23,316,316,0,70,0.22151898734177214,654,10.0,40.75,72.0,187.75,436.5,4840.0,1.0,1.0,2.0,4.0,10.5,119.0
surface,Grass,T,match_only,0,10,62789,705,42221,1960-07-04,2023-07-23,316,316,0,34,0.10759493670886076,573,10.0,40.75,72.0,187.75,436.5,4840.0,1.0,1.0,2.0,4.0,10.5,119.0
surface,Grass,T,joint,25,3,62789,705,42221,1960-07-04,2023-07-23,316,316,0,119,0.37658227848101267,686,10.0,40.75,72.0,187.75,436.5,4840.0,1.0,1.0,2.0,4.0,10.5,119.0
surface,Grass,T,joint,25,5,62789,705,42221,1960-07-04,2023-07-23,316,316,0,70,0.22151898734177214,654,10.0,40.75,72.0,187.75,436.5,4840.0,1.0,1.0,2.0,4.0,10.5,119.0
surface,Grass,T,joint,25,10,62789,705,42221,1960-07-04,2023-07-23,316,316,0,34,0.10759493670886076,573,10.0,40.75,72.0,187.75,436.5,4840.0,1.0,1.0,2.0,4.0,10.5,119.0
surface,Grass,T,joint,50,3,62789,705,42221,1960-07-04,2023-07-23,316,316,0,119,0.37658227848101267,686,10.0,40.75,72.0,187.75,436.5,4840.0,1.0,1.0,2.0,4.0,10.5,119.0
surface,Grass,T,joint,50,5,62789,705,42221,1960-07-04,2023-07-23,316,316,0,70,0.22151898734177214,654,10.0,40.75,72.0,187.75,436.5,4840.0,1.0,1.0,2.0,4.0,10.5,119.0
surface,Grass,T,joint,50,10,62789,705,42221,1960-07-04,2023-07-23,316,316,0,34,0.10759493670886076,573,10.0,40.75,72.0,187.75,436.5,4840.0,1.0,1.0,2.0,4.0,10.5,119.0
surface,Grass,T,joint,100,3,62789,705,42221,1960-07-04,2023-07-23,316,316,0,113,0.3575949367088608,686,10.0,40.75,72.0,187.75,436.5,4840.0,1.0,1.0,2.0,4.0,10.5,119.0
surface,Grass,T,joint,100,5,62789,705,42221,1960-07-04,2023-07-23,316,316,0,70,0.22151898734177214,654,10.0,40.75,72.0,187.75,436.5,4840.0,1.0,1.0,2.0,4.0,10.5,119.0
surface,Grass,T,joint,100,10,62789,705,42221,1960-07-04,2023-07-23,316,316,0,34,0.10759493670886076,573,10.0,40.75,72.0,187.75,436.5,4840.0,1.0,1.0,2.0,4.0,10.5,119.0
