scope,metric,threshold,stratum_type,stratum,eligible_snapshots,total_snapshots,coverage_rate,complete_matches,total_matches,complete_match_rate,covered_players
server_global,historical_matches,0,overall,Overall,15048,15048,1.0,7524,7524,1.0,1002
server_global,historical_matches,0,surface,Hard,9646,9646,1.0,4823,4823,1.0,753
server_global,historical_matches,0,surface,Clay,3744,3744,1.0,1872,1872,1.0,587
server_global,historical_matches,0,surface,Grass,1658,1658,1.0,829,829,1.0,359
server_global,historical_matches,0,derived_period,to_2009,3912,3912,1.0,1956,1956,1.0,357
server_global,historical_matches,0,derived_period,2010s,4464,4464,1.0,2232,2232,1.0,412
server_global,historical_matches,0,derived_period,2020s,6672,6672,1.0,3336,3336,1.0,470
server_global,historical_matches,1,overall,Overall,14046,15048,0.9334130781499203,6641,7524,0.88264221158958,605
server_global,historical_matches,1,surface,Hard,9107,9646,0.944121915820029,4349,4823,0.9017209205888451,513
server_global,historical_matches,1,surface,Clay,3397,3744,0.9073183760683761,1570,1872,0.8386752136752137,407
server_global,historical_matches,1,surface,Grass,1542,1658,0.9300361881785284,722,829,0.8709288299155609,290
server_global,historical_matches,1,derived_period,to_2009,3555,3912,0.9087423312883436,1617,1956,0.8266871165644172,193
server_global,historical_matches,1,derived_period,2010s,4112,4464,0.921146953405018,1939,2232,0.8687275985663082,264
server_global,historical_matches,1,derived_period,2020s,6379,6672,0.9560851318944844,3085,3336,0.9247601918465228,338
server_global,historical_matches,3,overall,Overall,12966,15048,0.8616427432216905,5767,7524,0.7664805954279639,402
server_global,historical_matches,3,surface,Hard,8495,9646,0.8806759278457391,3840,4823,0.7961849471283433,368
server_global,historical_matches,3,surface,Clay,3057,3744,0.8165064102564102,1313,1872,0.7013888888888888,302
server_global,historical_matches,3,surface,Grass,1414,1658,0.8528347406513872,614,829,0.7406513872135102,238
server_global,historical_matches,3,derived_period,to_2009,3211,3912,0.8208077709611452,1318,1956,0.6738241308793456,126
server_global,historical_matches,3,derived_period,2010s,3721,4464,0.8335573476702509,1630,2232,0.7302867383512545,182
server_global,historical_matches,3,derived_period,2020s,6034,6672,0.9043764988009593,2819,3336,0.8450239808153477,243
server_global,historical_matches,5,overall,Overall,12206,15048,0.81113769271664,5182,7524,0.6887293992557151,328
server_global,historical_matches,5,surface,Hard,8054,9646,0.8349574953348539,3483,4823,0.7221646278250052,313
server_global,historical_matches,5,surface,Clay,2822,3744,0.7537393162393162,1149,1872,0.6137820512820513,253
server_global,historical_matches,5,surface,Grass,1330,1658,0.8021712907117008,550,829,0.6634499396863691,207
server_global,historical_matches,5,derived_period,to_2009,2974,3912,0.7602249488752556,1132,1956,0.5787321063394683,102
server_global,historical_matches,5,derived_period,2010s,3446,4464,0.7719534050179212,1428,2232,0.6397849462365591,148
server_global,historical_matches,5,derived_period,2020s,5786,6672,0.8672062350119905,2622,3336,0.7859712230215827,213
server_global,historical_matches,10,overall,Overall,10755,15048,0.7147129186602871,4065,7524,0.5402711323763956,237
server_global,historical_matches,10,surface,Hard,7112,9646,0.737300435413643,2735,4823,0.5670744349989633,225
server_global,historical_matches,10,surface,Clay,2450,3744,0.6543803418803419,891,1872,0.47596153846153844,191
server_global,historical_matches,10,surface,Grass,1193,1658,0.7195416164053076,439,829,0.5295536791314838,159
server_global,historical_matches,10,derived_period,to_2009,2541,3912,0.6495398773006135,807,1956,0.4125766871165644,64
server_global,historical_matches,10,derived_period,2010s,2962,4464,0.6635304659498208,1074,2232,0.48118279569892475,96
server_global,historical_matches,10,derived_period,2020s,5252,6672,0.7871702637889688,2184,3336,0.6546762589928058,165
server_global,historical_matches,20,overall,Overall,8849,15048,0.5880515683147262,2791,7524,0.37094630515683147,154
server_global,historical_matches,20,surface,Hard,5891,9646,0.6107194692100353,1906,4823,0.3951897159444329,149
server_global,historical_matches,20,surface,Clay,1974,3744,0.5272435897435898,598,1872,0.3194444444444444,141
server_global,historical_matches,20,surface,Grass,984,1658,0.5934861278648975,287,829,0.34620024125452353,114
server_global,historical_matches,20,derived_period,to_2009,2045,3912,0.5227505112474438,504,1956,0.25766871165644173,41
server_global,historical_matches,20,derived_period,2010s,2376,4464,0.532258064516129,709,2232,0.31765232974910396,57
server_global,historical_matches,20,derived_period,2020s,4428,6672,0.6636690647482014,1578,3336,0.47302158273381295,109
server_global,historical_matches,50,overall,Overall,5738,15048,0.3813131313131313,1132,7524,0.15045188729399256,64
server_global,historical_matches,50,surface,Hard,3874,9646,0.40161725067385445,791,4823,0.16400580551523947,62
server_global,historical_matches,50,surface,Clay,1218,3744,0.32532051282051283,226,1872,0.12072649572649573,60
server_global,historical_matches,50,surface,Grass,646,1658,0.3896260554885404,115,829,0.13872135102533173,55
server_global,historical_matches,50,derived_period,to_2009,1257,3912,0.32131901840490795,153,1956,0.07822085889570553,16
server_global,historical_matches,50,derived_period,2010s,1518,4464,0.3400537634408602,279,2232,0.125,22
server_global,historical_matches,50,derived_period,2020s,2963,6672,0.4440947242206235,700,3336,0.20983213429256595,48
server_global,historical_points,0,overall,Overall,15048,15048,1.0,7524,7524,1.0,1002
server_global,historical_points,0,surface,Hard,9646,9646,1.0,4823,4823,1.0,753
server_global,historical_points,0,surface,Clay,3744,3744,1.0,1872,1872,1.0,587
server_global,historical_points,0,surface,Grass,1658,1658,1.0,829,829,1.0,359
server_global,historical_points,0,derived_period,to_2009,3912,3912,1.0,1956,1956,1.0,357
server_global,historical_points,0,derived_period,2010s,4464,4464,1.0,2232,2232,1.0,412
server_global,historical_points,0,derived_period,2020s,6672,6672,1.0,3336,3336,1.0,470
server_global,historical_points,25,overall,Overall,13828,15048,0.9189261031366295,6468,7524,0.8596491228070176,560
server_global,historical_points,25,surface,Hard,8985,9646,0.9314741861911673,4255,4823,0.8822309765705992,479
server_global,historical_points,25,surface,Clay,3324,3744,0.8878205128205128,1512,1872,0.8076923076923077,387
server_global,historical_points,25,surface,Grass,1519,1658,0.9161640530759951,701,829,0.8455971049457177,279
server_global,historical_points,25,derived_period,to_2009,3515,3912,0.898517382413088,1582,1956,0.8087934560327198,183
server_global,historical_points,25,derived_period,2010s,4004,4464,0.8969534050179212,1853,2232,0.8301971326164874,233
server_global,historical_points,25,derived_period,2020s,6309,6672,0.9455935251798561,3033,3336,0.9091726618705036,320
server_global,historical_points,50,overall,Overall,13389,15048,0.8897527910685805,6114,7524,0.8125996810207337,469
server_global,historical_points,50,surface,Hard,8738,9646,0.9058677171884719,4047,4823,0.8391042919344807,420
server_global,historical_points,50,surface,Clay,3178,3744,0.8488247863247863,1405,1872,0.750534188034188,338
server_global,historical_points,50,surface,Grass,1473,1658,0.8884197828709288,662,829,0.7985524728588661,260
server_global,historical_points,50,derived_period,to_2009,3385,3912,0.8652862985685071,1466,1956,0.7494887525562373,153
server_global,historical_points,50,derived_period,2010s,3846,4464,0.8615591397849462,1724,2232,0.7724014336917563,197
server_global,historical_points,50,derived_period,2020s,6158,6672,0.9229616306954437,2924,3336,0.8764988009592326,279
server_global,historical_points,100,overall,Overall,12704,15048,0.8442317916002127,5569,7524,0.7401648059542797,377
server_global,historical_points,100,surface,Hard,8353,9646,0.865954799917064,3723,4823,0.7719261870205266,350
server_global,historical_points,100,surface,Clay,2953,3744,0.7887286324786325,1242,1872,0.6634615384615384,276
server_global,historical_points,100,surface,Grass,1398,1658,0.8431845597104946,604,829,0.7285886610373945,232
server_global,historical_points,100,derived_period,to_2009,3196,3912,0.8169734151329243,1308,1956,0.6687116564417178,127
server_global,historical_points,100,derived_period,2010s,3580,4464,0.8019713261648745,1522,2232,0.681899641577061,162
server_global,historical_points,100,derived_period,2020s,5928,6672,0.8884892086330936,2739,3336,0.8210431654676259,232
server_global,historical_points,250,overall,Overall,11210,15048,0.7449494949494949,4416,7524,0.5869218500797448,264
server_global,historical_points,250,surface,Hard,7426,9646,0.7698527887207133,2986,4823,0.6191167323242794,252
server_global,historical_points,250,surface,Clay,2538,3744,0.6778846153846154,946,1872,0.5053418803418803,215
server_global,historical_points,250,surface,Grass,1246,1658,0.7515078407720145,484,829,0.5838359469240049,169
server_global,historical_points,250,derived_period,to_2009,2775,3912,0.7093558282208589,977,1956,0.4994887525562372,83
server_global,historical_points,250,derived_period,2010s,3060,4464,0.6854838709677419,1150,2232,0.5152329749103942,101
server_global,historical_points,250,derived_period,2020s,5375,6672,0.80560551558753,2289,3336,0.6861510791366906,177
server_global,historical_points,500,overall,Overall,9548,15048,0.6345029239766082,3219,7524,0.42783094098883573,178
server_global,historical_points,500,surface,Hard,6333,9646,0.6565415716359112,2186,4823,0.45324486833920796,173
server_global,historical_points,500,surface,Clay,2136,3744,0.5705128205128205,682,1872,0.3643162393162393,153
server_global,historical_points,500,surface,Grass,1079,1658,0.6507840772014475,351,829,0.4234016887816647,131
server_global,historical_points,500,derived_period,to_2009,2353,3912,0.601482617586912,683,1956,0.34918200408997957,51
server_global,historical_points,500,derived_period,2010s,2553,4464,0.5719086021505376,808,2232,0.36200716845878134,64
server_global,historical_points,500,derived_period,2020s,4642,6672,0.6957434052757794,1728,3336,0.5179856115107914,121
server_surface,historical_matches,0,overall,Overall,15048,15048,1.0,7524,7524,1.0,1002
server_surface,historical_matches,0,surface,Hard,9646,9646,1.0,4823,4823,1.0,753
server_surface,historical_matches,0,surface,Clay,3744,3744,1.0,1872,1872,1.0,587
server_surface,historical_matches,0,surface,Grass,1658,1658,1.0,829,829,1.0,359
server_surface,historical_matches,0,derived_period,to_2009,3912,3912,1.0,1956,1956,1.0,357
server_surface,historical_matches,0,derived_period,2010s,4464,4464,1.0,2232,2232,1.0,412
server_surface,historical_matches,0,derived_period,2020s,6672,6672,1.0,3336,3336,1.0,470
server_surface,historical_matches,1,overall,Overall,13347,15048,0.8869617224880383,6040,7524,0.8027644869750132,550
server_surface,historical_matches,1,surface,Hard,8893,9646,0.9219365540120257,4165,4823,0.8635703918722787,463
server_surface,historical_matches,1,surface,Clay,3157,3744,0.843215811965812,1364,1872,0.7286324786324786,339
server_surface,historical_matches,1,surface,Grass,1297,1658,0.7822677925211098,511,829,0.6164053075995175,201
server_surface,historical_matches,1,derived_period,to_2009,3344,3912,0.8548057259713702,1431,1956,0.7315950920245399,177
server_surface,historical_matches,1,derived_period,2010s,3880,4464,0.8691756272401434,1743,2232,0.7809139784946236,238
server_surface,historical_matches,1,derived_period,2020s,6123,6672,0.9177158273381295,2866,3336,0.8591127098321343,307
server_surface,historical_matches,3,overall,Overall,11585,15048,0.769869750132908,4692,7524,0.6236044657097288,349
server_surface,historical_matches,3,surface,Hard,8066,9646,0.8362015343147419,3487,4823,0.7229939871449306,313
server_surface,historical_matches,3,surface,Clay,2565,3744,0.6850961538461539,931,1872,0.49732905982905984,207
server_surface,historical_matches,3,surface,Grass,954,1658,0.5753920386007237,274,829,0.330518697225573,106
server_surface,historical_matches,3,derived_period,to_2009,2824,3912,0.721881390593047,1024,1956,0.523517382413088,110
server_surface,historical_matches,3,derived_period,2010s,3261,4464,0.730510752688172,1281,2232,0.5739247311827957,159
server_surface,historical_matches,3,derived_period,2020s,5500,6672,0.8243405275779376,2387,3336,0.7155275779376499,216
server_surface,historical_matches,5,overall,Overall,10414,15048,0.6920520999468368,3859,7524,0.5128920786815524,280
server_surface,historical_matches,5,surface,Hard,7476,9646,0.7750362844702468,3010,4823,0.6240928882438317,252
server_surface,historical_matches,5,surface,Clay,2172,3744,0.5801282051282052,682,1872,0.3643162393162393,153
server_surface,historical_matches,5,surface,Grass,766,1658,0.4620024125452352,167,829,0.2014475271411339,65
server_surface,historical_matches,5,derived_period,to_2009,2482,3912,0.6344580777096115,789,1956,0.40337423312883436,82
server_surface,historical_matches,5,derived_period,2010s,2864,4464,0.6415770609318996,1014,2232,0.4543010752688172,123
server_surface,historical_matches,5,derived_period,2020s,5068,6672,0.7595923261390888,2056,3336,0.6163069544364509,187
server_surface,historical_matches,10,overall,Overall,8467,15048,0.5626661350345561,2668,7524,0.35459861775651247,181
server_surface,historical_matches,10,surface,Hard,6405,9646,0.6640058055152395,2230,4823,0.4623678208583869,169
server_surface,historical_matches,10,surface,Clay,1558,3744,0.41613247863247865,370,1872,0.19764957264957264,93
server_surface,historical_matches,10,surface,Grass,504,1658,0.3039806996381182,68,829,0.08202653799758745,37
server_surface,historical_matches,10,derived_period,to_2009,1953,3912,0.49923312883435583,497,1956,0.25408997955010226,50
server_surface,historical_matches,10,derived_period,2010s,2288,4464,0.5125448028673835,674,2232,0.30197132616487454,71
server_surface,historical_matches,10,derived_period,2020s,4226,6672,0.6333932853717026,1497,3336,0.4487410071942446,124
server_surface,historical_matches,20,overall,Overall,6202,15048,0.4121477937267411,1516,7524,0.20148856990962255,112
server_surface,historical_matches,20,surface,Hard,5007,9646,0.5190752643582832,1367,4823,0.28343354758449096,106
server_surface,historical_matches,20,surface,Clay,925,3744,0.24706196581196582,132,1872,0.07051282051282051,40
server_surface,historical_matches,20,surface,Grass,270,1658,0.16284680337756333,17,829,0.020506634499396863,13
server_surface,historical_matches,20,derived_period,to_2009,1364,3912,0.3486707566462168,254,1956,0.12985685071574643,29
server_surface,historical_matches,20,derived_period,2010s,1697,4464,0.38015232974910396,396,2232,0.1774193548387097,44
server_surface,historical_matches,20,derived_period,2020s,3141,6672,0.47077338129496404,866,3336,0.2595923261390887,82
server_surface,historical_matches,50,overall,Overall,3494,15048,0.23219032429558745,528,7524,0.07017543859649122,46
server_surface,historical_matches,50,surface,Hard,3011,9646,0.3121501140369065,506,4823,0.10491395397055775,46
server_surface,historical_matches,50,surface,Clay,406,3744,0.10844017094017094,22,1872,0.011752136752136752,11
server_surface,historical_matches,50,surface,Grass,77,1658,0.046441495778045835,0,829,0.0,2
server_surface,historical_matches,50,derived_period,to_2009,695,3912,0.17765848670756645,77,1956,0.03936605316973415,10
server_surface,historical_matches,50,derived_period,2010s,1019,4464,0.22827060931899643,119,2232,0.053315412186379925,17
server_surface,historical_matches,50,derived_period,2020s,1780,6672,0.2667865707434053,332,3336,0.09952038369304557,35
server_surface,historical_points,0,overall,Overall,15048,15048,1.0,7524,7524,1.0,1002
server_surface,historical_points,0,surface,Hard,9646,9646,1.0,4823,4823,1.0,753
server_surface,historical_points,0,surface,Clay,3744,3744,1.0,1872,1872,1.0,587
server_surface,historical_points,0,surface,Grass,1658,1658,1.0,829,829,1.0,359
server_surface,historical_points,0,derived_period,to_2009,3912,3912,1.0,1956,1956,1.0,357
server_surface,historical_points,0,derived_period,2010s,4464,4464,1.0,2232,2232,1.0,412
server_surface,historical_points,0,derived_period,2020s,6672,6672,1.0,3336,3336,1.0,470
server_surface,historical_points,25,overall,Overall,12994,15048,0.8635034556087188,5769,7524,0.7667464114832536,507
server_surface,historical_points,25,surface,Hard,8716,9646,0.9035869790586771,4025,4823,0.8345428156748912,428
server_surface,historical_points,25,surface,Clay,3030,3744,0.8092948717948718,1269,1872,0.6778846153846154,312
server_surface,historical_points,25,surface,Grass,1248,1658,0.752714113389626,475,829,0.5729794933655006,190
server_surface,historical_points,25,derived_period,to_2009,3279,3912,0.8381901840490797,1379,1956,0.7050102249488752,165
server_surface,historical_points,25,derived_period,2010s,3728,4464,0.8351254480286738,1625,2232,0.7280465949820788,212
server_surface,historical_points,25,derived_period,2020s,5987,6672,0.897332134292566,2765,3336,0.8288369304556354,291
server_surface,historical_points,50,overall,Overall,12268,15048,0.815257841573631,5195,7524,0.6904572036150983,411
server_surface,historical_points,50,surface,Hard,8387,9646,0.8694795770267468,3755,4823,0.7785610615799295,357
server_surface,historical_points,50,surface,Clay,2770,3744,0.7398504273504274,1068,1872,0.5705128205128205,242
server_surface,historical_points,50,surface,Grass,1111,1658,0.6700844390832328,372,829,0.4487334137515078,149
server_surface,historical_points,50,derived_period,to_2009,3087,3912,0.7891104294478528,1219,1956,0.6232106339468303,138
server_surface,historical_points,50,derived_period,2010s,3474,4464,0.7782258064516129,1433,2232,0.6420250896057348,178
server_surface,historical_points,50,derived_period,2020s,5707,6672,0.8553657074340527,2543,3336,0.7622901678657075,243
server_surface,historical_points,100,overall,Overall,11197,15048,0.7440855927698034,4411,7524,0.5862573099415205,326
server_surface,historical_points,100,surface,Hard,7869,9646,0.81577856106158,3334,4823,0.6912709931577856,288
server_surface,historical_points,100,surface,Clay,2404,3744,0.6420940170940171,823,1872,0.43963675213675213,186
server_surface,historical_points,100,surface,Grass,924,1658,0.5572979493365501,254,829,0.30639324487334135,102
server_surface,historical_points,100,derived_period,to_2009,2800,3912,0.7157464212678937,1002,1956,0.5122699386503068,105
server_surface,historical_points,100,derived_period,2010s,3087,4464,0.6915322580645161,1166,2232,0.5224014336917563,143
server_surface,historical_points,100,derived_period,2020s,5310,6672,0.795863309352518,2243,3336,0.6723621103117506,205
server_surface,historical_points,250,overall,Overall,9076,15048,0.603136629452419,3002,7524,0.398989898989899,209
server_surface,historical_points,250,surface,Hard,6728,9646,0.6974911880572258,2462,4823,0.5104706614140576,195
server_surface,historical_points,250,surface,Clay,1711,3744,0.45699786324786323,427,1872,0.2280982905982906,102
server_surface,historical_points,250,surface,Grass,637,1658,0.3841978287092883,113,829,0.13630880579010857,52
server_surface,historical_points,250,derived_period,to_2009,2240,3912,0.5725971370143149,640,1956,0.32719836400818,63
server_surface,historical_points,250,derived_period,2010s,2428,4464,0.5439068100358423,755,2232,0.3382616487455197,77
server_surface,historical_points,250,derived_period,2020s,4408,6672,0.6606714628297362,1607,3336,0.4817146282973621,140
server_surface,historical_points,500,overall,Overall,7017,15048,0.4663078149920255,1887,7524,0.25079744816586924,135
server_surface,historical_points,500,surface,Hard,5558,9646,0.5761973875181422,1681,4823,0.34853825419863155,126
server_surface,historical_points,500,surface,Clay,1081,3744,0.28872863247863245,168,1872,0.08974358974358974,55
server_surface,historical_points,500,surface,Grass,378,1658,0.22798552472858866,38,829,0.045838359469240045,23
server_surface,historical_points,500,derived_period,to_2009,1712,3912,0.4376278118609407,392,1956,0.20040899795501022,38
server_surface,historical_points,500,derived_period,2010s,1904,4464,0.4265232974910394,484,2232,0.2168458781362007,54
server_surface,historical_points,500,derived_period,2020s,3401,6672,0.509742206235012,1011,3336,0.30305755395683454,92
opponent_return_global,historical_matches,0,overall,Overall,15048,15048,1.0,7524,7524,1.0,1002
opponent_return_global,historical_matches,0,surface,Hard,9646,9646,1.0,4823,4823,1.0,753
opponent_return_global,historical_matches,0,surface,Clay,3744,3744,1.0,1872,1872,1.0,587
opponent_return_global,historical_matches,0,surface,Grass,1658,1658,1.0,829,829,1.0,359
opponent_return_global,historical_matches,0,derived_period,to_2009,3912,3912,1.0,1956,1956,1.0,357
opponent_return_global,historical_matches,0,derived_period,2010s,4464,4464,1.0,2232,2232,1.0,412
opponent_return_global,historical_matches,0,derived_period,2020s,6672,6672,1.0,3336,3336,1.0,470
opponent_return_global,historical_matches,1,overall,Overall,14046,15048,0.9334130781499203,6641,7524,0.88264221158958,880
opponent_return_global,historical_matches,1,surface,Hard,9107,9646,0.944121915820029,4349,4823,0.9017209205888451,671
opponent_return_global,historical_matches,1,surface,Clay,3397,3744,0.9073183760683761,1570,1872,0.8386752136752137,525
opponent_return_global,historical_matches,1,surface,Grass,1542,1658,0.9300361881785284,722,829,0.8709288299155609,344
opponent_return_global,historical_matches,1,derived_period,to_2009,3555,3912,0.9087423312883436,1617,1956,0.8266871165644172,341
opponent_return_global,historical_matches,1,derived_period,2010s,4112,4464,0.921146953405018,1939,2232,0.8687275985663082,344
opponent_return_global,historical_matches,1,derived_period,2020s,6379,6672,0.9560851318944844,3085,3336,0.9247601918465228,420
opponent_return_global,historical_matches,3,overall,Overall,12966,15048,0.8616427432216905,5767,7524,0.7664805954279639,791
opponent_return_global,historical_matches,3,surface,Hard,8495,9646,0.8806759278457391,3840,4823,0.7961849471283433,617
opponent_return_global,historical_matches,3,surface,Clay,3057,3744,0.8165064102564102,1313,1872,0.7013888888888888,475
opponent_return_global,historical_matches,3,surface,Grass,1414,1658,0.8528347406513872,614,829,0.7406513872135102,323
opponent_return_global,historical_matches,3,derived_period,to_2009,3211,3912,0.8208077709611452,1318,1956,0.6738241308793456,319
opponent_return_global,historical_matches,3,derived_period,2010s,3721,4464,0.8335573476702509,1630,2232,0.7302867383512545,305
opponent_return_global,historical_matches,3,derived_period,2020s,6034,6672,0.9043764988009593,2819,3336,0.8450239808153477,378
opponent_return_global,historical_matches,5,overall,Overall,12206,15048,0.81113769271664,5182,7524,0.6887293992557151,751
opponent_return_global,historical_matches,5,surface,Hard,8054,9646,0.8349574953348539,3483,4823,0.7221646278250052,597
opponent_return_global,historical_matches,5,surface,Clay,2822,3744,0.7537393162393162,1149,1872,0.6137820512820513,445
opponent_return_global,historical_matches,5,surface,Grass,1330,1658,0.8021712907117008,550,829,0.6634499396863691,309
opponent_return_global,historical_matches,5,derived_period,to_2009,2974,3912,0.7602249488752556,1132,1956,0.5787321063394683,312
opponent_return_global,historical_matches,5,derived_period,2010s,3446,4464,0.7719534050179212,1428,2232,0.6397849462365591,283
opponent_return_global,historical_matches,5,derived_period,2020s,5786,6672,0.8672062350119905,2622,3336,0.7859712230215827,357
opponent_return_global,historical_matches,10,overall,Overall,10755,15048,0.7147129186602871,4065,7524,0.5402711323763956,707
opponent_return_global,historical_matches,10,surface,Hard,7112,9646,0.737300435413643,2735,4823,0.5670744349989633,569
opponent_return_global,historical_matches,10,surface,Clay,2450,3744,0.6543803418803419,891,1872,0.47596153846153844,406
opponent_return_global,historical_matches,10,surface,Grass,1193,1658,0.7195416164053076,439,829,0.5295536791314838,296
opponent_return_global,historical_matches,10,derived_period,to_2009,2541,3912,0.6495398773006135,807,1956,0.4125766871165644,292
opponent_return_global,historical_matches,10,derived_period,2010s,2962,4464,0.6635304659498208,1074,2232,0.48118279569892475,265
opponent_return_global,historical_matches,10,derived_period,2020s,5252,6672,0.7871702637889688,2184,3336,0.6546762589928058,335
opponent_return_global,historical_matches,20,overall,Overall,8849,15048,0.5880515683147262,2791,7524,0.37094630515683147,655
opponent_return_global,historical_matches,20,surface,Hard,5891,9646,0.6107194692100353,1906,4823,0.3951897159444329,523
opponent_return_global,historical_matches,20,surface,Clay,1974,3744,0.5272435897435898,598,1872,0.3194444444444444,370
opponent_return_global,historical_matches,20,surface,Grass,984,1658,0.5934861278648975,287,829,0.34620024125452353,280
opponent_return_global,historical_matches,20,derived_period,to_2009,2045,3912,0.5227505112474438,504,1956,0.25766871165644173,271
opponent_return_global,historical_matches,20,derived_period,2010s,2376,4464,0.532258064516129,709,2232,0.31765232974910396,239
opponent_return_global,historical_matches,20,derived_period,2020s,4428,6672,0.6636690647482014,1578,3336,0.47302158273381295,309
opponent_return_global,historical_matches,50,overall,Overall,5737,15048,0.3812466772993089,1132,7524,0.15045188729399256,545
opponent_return_global,historical_matches,50,surface,Hard,3874,9646,0.40161725067385445,791,4823,0.16400580551523947,450
opponent_return_global,historical_matches,50,surface,Clay,1217,3744,0.3250534188034188,226,1872,0.12072649572649573,291
opponent_return_global,historical_matches,50,surface,Grass,646,1658,0.3896260554885404,115,829,0.13872135102533173,236
opponent_return_global,historical_matches,50,derived_period,to_2009,1257,3912,0.32131901840490795,153,1956,0.07822085889570553,229
opponent_return_global,historical_matches,50,derived_period,2010s,1518,4464,0.3400537634408602,279,2232,0.125,188
opponent_return_global,historical_matches,50,derived_period,2020s,2962,6672,0.44394484412470026,700,3336,0.20983213429256595,262
opponent_return_global,historical_points,0,overall,Overall,15048,15048,1.0,7524,7524,1.0,1002
opponent_return_global,historical_points,0,surface,Hard,9646,9646,1.0,4823,4823,1.0,753
opponent_return_global,historical_points,0,surface,Clay,3744,3744,1.0,1872,1872,1.0,587
opponent_return_global,historical_points,0,surface,Grass,1658,1658,1.0,829,829,1.0,359
opponent_return_global,historical_points,0,derived_period,to_2009,3912,3912,1.0,1956,1956,1.0,357
opponent_return_global,historical_points,0,derived_period,2010s,4464,4464,1.0,2232,2232,1.0,412
opponent_return_global,historical_points,0,derived_period,2020s,6672,6672,1.0,3336,3336,1.0,470
opponent_return_global,historical_points,25,overall,Overall,13793,15048,0.9166002126528442,6439,7524,0.8557947900053163,856
opponent_return_global,historical_points,25,surface,Hard,8961,9646,0.9289861082313913,4232,4823,0.8774621604810284,655
opponent_return_global,historical_points,25,surface,Clay,3312,3744,0.8846153846153846,1506,1872,0.8044871794871795,510
opponent_return_global,historical_points,25,surface,Grass,1520,1658,0.916767189384801,701,829,0.8455971049457177,338
opponent_return_global,historical_points,25,derived_period,to_2009,3509,3912,0.8969836400817995,1576,1956,0.8057259713701431,339
opponent_return_global,historical_points,25,derived_period,2010s,3987,4464,0.8931451612903226,1837,2232,0.8230286738351255,331
opponent_return_global,historical_points,25,derived_period,2020s,6297,6672,0.9437949640287769,3026,3336,0.907074340527578,408
opponent_return_global,historical_points,50,overall,Overall,13359,15048,0.8877591706539075,6085,7524,0.8087453482190324,822
opponent_return_global,historical_points,50,surface,Hard,8721,9646,0.9041053286336305,4030,4823,0.8355795148247979,633
opponent_return_global,historical_points,50,surface,Clay,3165,3744,0.8453525641025641,1392,1872,0.7435897435897436,491
opponent_return_global,historical_points,50,surface,Grass,1473,1658,0.8884197828709288,663,829,0.7997587454764777,329
opponent_return_global,historical_points,50,derived_period,to_2009,3391,3912,0.8668200408997955,1468,1956,0.7505112474437627,334
opponent_return_global,historical_points,50,derived_period,2010s,3823,4464,0.8564068100358423,1708,2232,0.7652329749103942,314
opponent_return_global,historical_points,50,derived_period,2020s,6145,6672,0.9210131894484412,2909,3336,0.8720023980815348,392
opponent_return_global,historical_points,100,overall,Overall,12681,15048,0.8427033492822966,5539,7524,0.7361775651249336,779
opponent_return_global,historical_points,100,surface,Hard,8335,9646,0.864088741447232,3708,4823,0.7688160895708066,610
opponent_return_global,historical_points,100,surface,Clay,2947,3744,0.7871260683760684,1229,1872,0.656517094017094,463
opponent_return_global,historical_points,100,surface,Grass,1399,1658,0.8437876960193004,602,829,0.7261761158021713,323
opponent_return_global,historical_points,100,derived_period,to_2009,3199,3912,0.8177402862985685,1304,1956,0.6666666666666666,324
opponent_return_global,historical_points,100,derived_period,2010s,3551,4464,0.7954749103942652,1502,2232,0.6729390681003584,289
opponent_return_global,historical_points,100,derived_period,2020s,5931,6672,0.8889388489208633,2733,3336,0.8192446043165468,370
opponent_return_global,historical_points,250,overall,Overall,11142,15048,0.7404306220095693,4374,7524,0.5813397129186603,717
opponent_return_global,historical_points,250,surface,Hard,7373,9646,0.7643582832262078,2942,4823,0.6099937798051006,576
opponent_return_global,historical_points,250,surface,Clay,2532,3744,0.6762820512820513,955,1872,0.5101495726495726,409
opponent_return_global,historical_points,250,surface,Grass,1237,1658,0.7460796139927623,477,829,0.5753920386007237,299
opponent_return_global,historical_points,250,derived_period,to_2009,2763,3912,0.7062883435582822,969,1956,0.495398773006135,301
opponent_return_global,historical_points,250,derived_period,2010s,3020,4464,0.6765232974910395,1122,2232,0.5026881720430108,267
opponent_return_global,historical_points,250,derived_period,2020s,5359,6672,0.8032074340527577,2283,3336,0.6843525179856115,335
opponent_return_global,historical_points,500,overall,Overall,9495,15048,0.6309808612440191,3197,7524,0.42490696438064857,685
opponent_return_global,historical_points,500,surface,Hard,6298,9646,0.6529131246112378,2167,4823,0.4493054115695625,543
opponent_return_global,historical_points,500,surface,Clay,2131,3744,0.5691773504273504,688,1872,0.36752136752136755,388
opponent_return_global,historical_points,500,surface,Grass,1066,1658,0.6429433051869723,342,829,0.41254523522316044,289
opponent_return_global,historical_points,500,derived_period,to_2009,2360,3912,0.6032719836400818,687,1956,0.3512269938650307,287
opponent_return_global,historical_points,500,derived_period,2010s,2512,4464,0.5627240143369175,790,2232,0.3539426523297491,247
opponent_return_global,historical_points,500,derived_period,2020s,4623,6672,0.6928956834532374,1720,3336,0.5155875299760192,319
opponent_return_surface,historical_matches,0,overall,Overall,15048,15048,1.0,7524,7524,1.0,1002
opponent_return_surface,historical_matches,0,surface,Hard,9646,9646,1.0,4823,4823,1.0,753
opponent_return_surface,historical_matches,0,surface,Clay,3744,3744,1.0,1872,1872,1.0,587
opponent_return_surface,historical_matches,0,surface,Grass,1658,1658,1.0,829,829,1.0,359
opponent_return_surface,historical_matches,0,derived_period,to_2009,3912,3912,1.0,1956,1956,1.0,357
opponent_return_surface,historical_matches,0,derived_period,2010s,4464,4464,1.0,2232,2232,1.0,412
opponent_return_surface,historical_matches,0,derived_period,2020s,6672,6672,1.0,3336,3336,1.0,470
opponent_return_surface,historical_matches,1,overall,Overall,13347,15048,0.8869617224880383,6040,7524,0.8027644869750132,838
opponent_return_surface,historical_matches,1,surface,Hard,8893,9646,0.9219365540120257,4165,4823,0.8635703918722787,651
opponent_return_surface,historical_matches,1,surface,Clay,3157,3744,0.843215811965812,1364,1872,0.7286324786324786,497
opponent_return_surface,historical_matches,1,surface,Grass,1297,1658,0.7822677925211098,511,829,0.6164053075995175,314
opponent_return_surface,historical_matches,1,derived_period,to_2009,3344,3912,0.8548057259713702,1431,1956,0.7315950920245399,329
opponent_return_surface,historical_matches,1,derived_period,2010s,3880,4464,0.8691756272401434,1743,2232,0.7809139784946236,327
opponent_return_surface,historical_matches,1,derived_period,2020s,6123,6672,0.9177158273381295,2866,3336,0.8591127098321343,398
opponent_return_surface,historical_matches,3,overall,Overall,11585,15048,0.769869750132908,4692,7524,0.6236044657097288,744
opponent_return_surface,historical_matches,3,surface,Hard,8066,9646,0.8362015343147419,3487,4823,0.7229939871449306,601
opponent_return_surface,historical_matches,3,surface,Clay,2565,3744,0.6850961538461539,931,1872,0.49732905982905984,432
opponent_return_surface,historical_matches,3,surface,Grass,954,1658,0.5753920386007237,274,829,0.330518697225573,283
opponent_return_surface,historical_matches,3,derived_period,to_2009,2824,3912,0.721881390593047,1024,1956,0.523517382413088,301
opponent_return_surface,historical_matches,3,derived_period,2010s,3261,4464,0.730510752688172,1281,2232,0.5739247311827957,285
opponent_return_surface,historical_matches,3,derived_period,2020s,5500,6672,0.8243405275779376,2387,3336,0.7155275779376499,356
opponent_return_surface,historical_matches,5,overall,Overall,10414,15048,0.6920520999468368,3859,7524,0.5128920786815524,700
opponent_return_surface,historical_matches,5,surface,Hard,7476,9646,0.7750362844702468,3010,4823,0.6240928882438317,574
opponent_return_surface,historical_matches,5,surface,Clay,2172,3744,0.5801282051282052,682,1872,0.3643162393162393,399
opponent_return_surface,historical_matches,5,surface,Grass,766,1658,0.4620024125452352,167,829,0.2014475271411339,254
opponent_return_surface,historical_matches,5,derived_period,to_2009,2482,3912,0.6344580777096115,789,1956,0.40337423312883436,285
opponent_return_surface,historical_matches,5,derived_period,2010s,2864,4464,0.6415770609318996,1014,2232,0.4543010752688172,259
opponent_return_surface,historical_matches,5,derived_period,2020s,5068,6672,0.7595923261390888,2056,3336,0.6163069544364509,340
opponent_return_surface,historical_matches,10,overall,Overall,8467,15048,0.5626661350345561,2668,7524,0.35459861775651247,639
opponent_return_surface,historical_matches,10,surface,Hard,6405,9646,0.6640058055152395,2230,4823,0.4623678208583869,539
opponent_return_surface,historical_matches,10,surface,Clay,1558,3744,0.41613247863247865,370,1872,0.19764957264957264,340
opponent_return_surface,historical_matches,10,surface,Grass,504,1658,0.3039806996381182,68,829,0.08202653799758745,216
opponent_return_surface,historical_matches,10,derived_period,to_2009,1953,3912,0.49923312883435583,497,1956,0.25408997955010226,253
opponent_return_surface,historical_matches,10,derived_period,2010s,2288,4464,0.5125448028673835,674,2232,0.30197132616487454,236
opponent_return_surface,historical_matches,10,derived_period,2020s,4226,6672,0.6333932853717026,1497,3336,0.4487410071942446,317
opponent_return_surface,historical_matches,20,overall,Overall,6202,15048,0.4121477937267411,1516,7524,0.20148856990962255,544
opponent_return_surface,historical_matches,20,surface,Hard,5007,9646,0.5190752643582832,1367,4823,0.28343354758449096,489
opponent_return_surface,historical_matches,20,surface,Clay,925,3744,0.24706196581196582,132,1872,0.07051282051282051,245
opponent_return_surface,historical_matches,20,surface,Grass,270,1658,0.16284680337756333,17,829,0.020506634499396863,138
opponent_return_surface,historical_matches,20,derived_period,to_2009,1364,3912,0.3486707566462168,254,1956,0.12985685071574643,217
opponent_return_surface,historical_matches,20,derived_period,2010s,1697,4464,0.38015232974910396,396,2232,0.1774193548387097,198
opponent_return_surface,historical_matches,20,derived_period,2020s,3141,6672,0.47077338129496404,866,3336,0.2595923261390887,268
opponent_return_surface,historical_matches,50,overall,Overall,3494,15048,0.23219032429558745,528,7524,0.07017543859649122,434
opponent_return_surface,historical_matches,50,surface,Hard,3011,9646,0.3121501140369065,506,4823,0.10491395397055775,411
opponent_return_surface,historical_matches,50,surface,Clay,406,3744,0.10844017094017094,22,1872,0.011752136752136752,154
opponent_return_surface,historical_matches,50,surface,Grass,77,1658,0.046441495778045835,0,829,0.0,60
opponent_return_surface,historical_matches,50,derived_period,to_2009,695,3912,0.17765848670756645,77,1956,0.03936605316973415,155
opponent_return_surface,historical_matches,50,derived_period,2010s,1019,4464,0.22827060931899643,119,2232,0.053315412186379925,167
opponent_return_surface,historical_matches,50,derived_period,2020s,1780,6672,0.2667865707434053,332,3336,0.09952038369304557,218
opponent_return_surface,historical_points,0,overall,Overall,15048,15048,1.0,7524,7524,1.0,1002
opponent_return_surface,historical_points,0,surface,Hard,9646,9646,1.0,4823,4823,1.0,753
opponent_return_surface,historical_points,0,surface,Clay,3744,3744,1.0,1872,1872,1.0,587
opponent_return_surface,historical_points,0,surface,Grass,1658,1658,1.0,829,829,1.0,359
opponent_return_surface,historical_points,0,derived_period,to_2009,3912,3912,1.0,1956,1956,1.0,357
opponent_return_surface,historical_points,0,derived_period,2010s,4464,4464,1.0,2232,2232,1.0,412
opponent_return_surface,historical_points,0,derived_period,2020s,6672,6672,1.0,3336,3336,1.0,470
opponent_return_surface,historical_points,25,overall,Overall,12941,15048,0.8599813928761297,5719,7524,0.76010101010101,810
opponent_return_surface,historical_points,25,surface,Hard,8688,9646,0.9006842214389384,4002,4823,0.8297739995853204,634
opponent_return_surface,historical_points,25,surface,Clay,3014,3744,0.8050213675213675,1252,1872,0.6688034188034188,477
opponent_return_surface,historical_points,25,surface,Grass,1239,1658,0.747285886610374,465,829,0.5609167671893848,310
opponent_return_surface,historical_points,25,derived_period,to_2009,3274,3912,0.8369120654396728,1374,1956,0.7024539877300614,327
opponent_return_surface,historical_points,25,derived_period,2010s,3693,4464,0.8272849462365591,1589,2232,0.7119175627240143,315
opponent_return_surface,historical_points,25,derived_period,2020s,5974,6672,0.8953836930455635,2756,3336,0.8261390887290168,382
opponent_return_surface,historical_points,50,overall,Overall,12245,15048,0.8137293992557151,5178,7524,0.6881977671451356,775
opponent_return_surface,historical_points,50,surface,Hard,8368,9646,0.8675098486419242,3736,4823,0.7746216048102841,614
opponent_return_surface,historical_points,50,surface,Clay,2769,3744,0.7395833333333334,1072,1872,0.5726495726495726,455
opponent_return_surface,historical_points,50,surface,Grass,1108,1658,0.6682750301568154,370,829,0.44632086851628466,302
opponent_return_surface,historical_points,50,derived_period,to_2009,3096,3912,0.7914110429447853,1229,1956,0.628323108384458,320
opponent_return_surface,historical_points,50,derived_period,2010s,3447,4464,0.7721774193548387,1411,2232,0.632168458781362,296
opponent_return_surface,historical_points,50,derived_period,2020s,5702,6672,0.8546163069544365,2538,3336,0.7607913669064749,366
opponent_return_surface,historical_points,100,overall,Overall,11167,15048,0.7420919723551302,4373,7524,0.5812068048910154,732
opponent_return_surface,historical_points,100,surface,Hard,7847,9646,0.8134978229317852,3310,4823,0.6862948372382335,588
opponent_return_surface,historical_points,100,surface,Clay,2392,3744,0.6388888888888888,811,1872,0.43322649572649574,418
opponent_return_surface,historical_points,100,surface,Grass,928,1658,0.5597104945717732,252,829,0.3039806996381182,281
opponent_return_surface,historical_points,100,derived_period,to_2009,2811,3912,0.718558282208589,1008,1956,0.5153374233128835,305
opponent_return_surface,historical_points,100,derived_period,2010s,3045,4464,0.6821236559139785,1131,2232,0.5067204301075269,269
opponent_return_surface,historical_points,100,derived_period,2020s,5311,6672,0.7960131894484412,2234,3336,0.669664268585132,349
opponent_return_surface,historical_points,250,overall,Overall,9039,15048,0.6006778309409888,2983,7524,0.39646464646464646,662
opponent_return_surface,historical_points,250,surface,Hard,6702,9646,0.6947957702674684,2442,4823,0.5063238648144308,548
opponent_return_surface,historical_points,250,surface,Clay,1705,3744,0.45539529914529914,433,1872,0.23130341880341881,357
opponent_return_surface,historical_points,250,surface,Grass,632,1658,0.38118214716525933,108,829,0.13027744270205066,238
opponent_return_surface,historical_points,250,derived_period,to_2009,2253,3912,0.575920245398773,647,1956,0.33077709611451944,270
opponent_return_surface,historical_points,250,derived_period,2010s,2388,4464,0.5349462365591398,731,2232,0.3275089605734767,240
opponent_return_surface,historical_points,250,derived_period,2020s,4398,6672,0.6591726618705036,1605,3336,0.48111510791366907,319
opponent_return_surface,historical_points,500,overall,Overall,6963,15048,0.46271929824561403,1856,7524,0.24667729930887825,577
opponent_return_surface,historical_points,500,surface,Hard,5493,9646,0.5694588430437487,1645,4823,0.34107402031930334,508
opponent_return_surface,historical_points,500,surface,Clay,1082,3744,0.28899572649572647,170,1872,0.09081196581196581,286
opponent_return_surface,historical_points,500,surface,Grass,388,1658,0.23401688781664656,41,829,0.04945717732207479,174
opponent_return_surface,historical_points,500,derived_period,to_2009,1713,3912,0.4378834355828221,383,1956,0.19580777096114518,238
opponent_return_surface,historical_points,500,derived_period,2010s,1855,4464,0.41554659498207885,462,2232,0.20698924731182797,210
opponent_return_surface,historical_points,500,derived_period,2020s,3395,6672,0.5088429256594724,1011,3336,0.30305755395683454,279
both_global,historical_matches,0,overall,Overall,15048,15048,1.0,7524,7524,1.0,1002
both_global,historical_matches,0,surface,Hard,9646,9646,1.0,4823,4823,1.0,753
both_global,historical_matches,0,surface,Clay,3744,3744,1.0,1872,1872,1.0,587
both_global,historical_matches,0,surface,Grass,1658,1658,1.0,829,829,1.0,359
both_global,historical_matches,0,derived_period,to_2009,3912,3912,1.0,1956,1956,1.0,357
both_global,historical_matches,0,derived_period,2010s,4464,4464,1.0,2232,2232,1.0,412
both_global,historical_matches,0,derived_period,2020s,6672,6672,1.0,3336,3336,1.0,470
both_global,historical_matches,1,overall,Overall,13282,15048,0.88264221158958,6641,7524,0.88264221158958,577
both_global,historical_matches,1,surface,Hard,8698,9646,0.9017209205888451,4349,4823,0.9017209205888451,494
both_global,historical_matches,1,surface,Clay,3140,3744,0.8386752136752137,1570,1872,0.8386752136752137,386
both_global,historical_matches,1,surface,Grass,1444,1658,0.8709288299155609,722,829,0.8709288299155609,283
both_global,historical_matches,1,derived_period,to_2009,3234,3912,0.8266871165644172,1617,1956,0.8266871165644172,188
both_global,historical_matches,1,derived_period,2010s,3878,4464,0.8687275985663082,1939,2232,0.8687275985663082,250
both_global,historical_matches,1,derived_period,2020s,6170,6672,0.9247601918465228,3085,3336,0.9247601918465228,322
both_global,historical_matches,3,overall,Overall,11534,15048,0.7664805954279639,5767,7524,0.7664805954279639,380
both_global,historical_matches,3,surface,Hard,7680,9646,0.7961849471283433,3840,4823,0.7961849471283433,357
both_global,historical_matches,3,surface,Clay,2626,3744,0.7013888888888888,1313,1872,0.7013888888888888,278
both_global,historical_matches,3,surface,Grass,1228,1658,0.7406513872135102,614,829,0.7406513872135102,227
both_global,historical_matches,3,derived_period,to_2009,2636,3912,0.6738241308793456,1318,1956,0.6738241308793456,118
both_global,historical_matches,3,derived_period,2010s,3260,4464,0.7302867383512545,1630,2232,0.7302867383512545,171
both_global,historical_matches,3,derived_period,2020s,5638,6672,0.8450239808153477,2819,3336,0.8450239808153477,231
both_global,historical_matches,5,overall,Overall,10364,15048,0.6887293992557151,5182,7524,0.6887293992557151,320
both_global,historical_matches,5,surface,Hard,6966,9646,0.7221646278250052,3483,4823,0.7221646278250052,305
both_global,historical_matches,5,surface,Clay,2298,3744,0.6137820512820513,1149,1872,0.6137820512820513,242
both_global,historical_matches,5,surface,Grass,1100,1658,0.6634499396863691,550,829,0.6634499396863691,198
both_global,historical_matches,5,derived_period,to_2009,2264,3912,0.5787321063394683,1132,1956,0.5787321063394683,101
both_global,historical_matches,5,derived_period,2010s,2856,4464,0.6397849462365591,1428,2232,0.6397849462365591,143
both_global,historical_matches,5,derived_period,2020s,5244,6672,0.7859712230215827,2622,3336,0.7859712230215827,201
both_global,historical_matches,10,overall,Overall,8130,15048,0.5402711323763956,4065,7524,0.5402711323763956,231
both_global,historical_matches,10,surface,Hard,5470,9646,0.5670744349989633,2735,4823,0.5670744349989633,220
both_global,historical_matches,10,surface,Clay,1782,3744,0.47596153846153844,891,1872,0.47596153846153844,180
both_global,historical_matches,10,surface,Grass,878,1658,0.5295536791314838,439,829,0.5295536791314838,152
both_global,historical_matches,10,derived_period,to_2009,1614,3912,0.4125766871165644,807,1956,0.4125766871165644,61
both_global,historical_matches,10,derived_period,2010s,2148,4464,0.48118279569892475,1074,2232,0.48118279569892475,93
both_global,historical_matches,10,derived_period,2020s,4368,6672,0.6546762589928058,2184,3336,0.6546762589928058,158
both_global,historical_matches,20,overall,Overall,5582,15048,0.37094630515683147,2791,7524,0.37094630515683147,149
both_global,historical_matches,20,surface,Hard,3812,9646,0.3951897159444329,1906,4823,0.3951897159444329,146
both_global,historical_matches,20,surface,Clay,1196,3744,0.3194444444444444,598,1872,0.3194444444444444,123
both_global,historical_matches,20,surface,Grass,574,1658,0.34620024125452353,287,829,0.34620024125452353,103
both_global,historical_matches,20,derived_period,to_2009,1008,3912,0.25766871165644173,504,1956,0.25766871165644173,37
both_global,historical_matches,20,derived_period,2010s,1418,4464,0.31765232974910396,709,2232,0.31765232974910396,55
both_global,historical_matches,20,derived_period,2020s,3156,6672,0.47302158273381295,1578,3336,0.47302158273381295,104
both_global,historical_matches,50,overall,Overall,2264,15048,0.15045188729399256,1132,7524,0.15045188729399256,62
both_global,historical_matches,50,surface,Hard,1582,9646,0.16400580551523947,791,4823,0.16400580551523947,60
both_global,historical_matches,50,surface,Clay,452,3744,0.12072649572649573,226,1872,0.12072649572649573,48
both_global,historical_matches,50,surface,Grass,230,1658,0.13872135102533173,115,829,0.13872135102533173,46
both_global,historical_matches,50,derived_period,to_2009,306,3912,0.07822085889570553,153,1956,0.07822085889570553,15
both_global,historical_matches,50,derived_period,2010s,558,4464,0.125,279,2232,0.125,21
both_global,historical_matches,50,derived_period,2020s,1400,6672,0.20983213429256595,700,3336,0.20983213429256595,46
both_global,historical_points,0,overall,Overall,15048,15048,1.0,7524,7524,1.0,1002
both_global,historical_points,0,surface,Hard,9646,9646,1.0,4823,4823,1.0,753
both_global,historical_points,0,surface,Clay,3744,3744,1.0,1872,1872,1.0,587
both_global,historical_points,0,surface,Grass,1658,1658,1.0,829,829,1.0,359
both_global,historical_points,0,derived_period,to_2009,3912,3912,1.0,1956,1956,1.0,357
both_global,historical_points,0,derived_period,2010s,4464,4464,1.0,2232,2232,1.0,412
both_global,historical_points,0,derived_period,2020s,6672,6672,1.0,3336,3336,1.0,470
both_global,historical_points,25,overall,Overall,12907,15048,0.8577219564061669,6391,7524,0.8494152046783626,533
both_global,historical_points,25,surface,Hard,8487,9646,0.8798465685258138,4206,4823,0.8720713249015136,461
both_global,historical_points,25,surface,Clay,3018,3744,0.8060897435897436,1490,1872,0.7959401709401709,363
both_global,historical_points,25,surface,Grass,1402,1658,0.8455971049457177,695,829,0.8383594692400482,268
both_global,historical_points,25,derived_period,to_2009,3158,3912,0.8072597137014315,1565,1956,0.8001022494887525,179
both_global,historical_points,25,derived_period,2010s,3690,4464,0.8266129032258065,1814,2232,0.8127240143369175,219
both_global,historical_points,25,derived_period,2020s,6059,6672,0.9081235011990407,3012,3336,0.9028776978417267,303
both_global,historical_points,50,overall,Overall,12199,15048,0.810672514619883,6032,7524,0.8017012227538544,454
both_global,historical_points,50,surface,Hard,8077,9646,0.8373419033796392,4001,4823,0.829566659755339,409
both_global,historical_points,50,surface,Clay,2797,3744,0.7470619658119658,1376,1872,0.7350427350427351,319
both_global,historical_points,50,surface,Grass,1325,1658,0.7991556091676719,655,829,0.7901085645355851,249
both_global,historical_points,50,derived_period,to_2009,2934,3912,0.75,1444,1956,0.7382413087934561,150
both_global,historical_points,50,derived_period,2010s,3432,4464,0.7688172043010753,1691,2232,0.7576164874551972,189
both_global,historical_points,50,derived_period,2020s,5833,6672,0.8742505995203836,2897,3336,0.8684052757793765,268
both_global,historical_points,100,overall,Overall,11109,15048,0.738237639553429,5483,7524,0.7287347155768208,362
both_global,historical_points,100,surface,Hard,7432,9646,0.7704748082106573,3676,4823,0.7621812150114037,340
both_global,historical_points,100,surface,Clay,2471,3744,0.6599893162393162,1212,1872,0.6474358974358975,259
both_global,historical_points,100,surface,Grass,1206,1658,0.7273823884197829,595,829,0.7177322074788902,224
both_global,historical_points,100,derived_period,to_2009,2612,3912,0.6676891615541922,1282,1956,0.6554192229038854,123
both_global,historical_points,100,derived_period,2010s,3025,4464,0.6776433691756273,1487,2232,0.6662186379928315,156
both_global,historical_points,100,derived_period,2020s,5472,6672,0.8201438848920863,2714,3336,0.8135491606714629,218
both_global,historical_points,250,overall,Overall,8790,15048,0.5841307814992025,4297,7524,0.5711057947900053,256
both_global,historical_points,250,surface,Hard,5928,9646,0.6145552560646901,2896,4823,0.6004561476259589,242
both_global,historical_points,250,surface,Clay,1901,3744,0.5077457264957265,929,1872,0.4962606837606838,196
both_global,historical_points,250,surface,Grass,961,1658,0.5796139927623642,472,829,0.5693606755126659,163
both_global,historical_points,250,derived_period,to_2009,1946,3912,0.49744376278118607,943,1956,0.48210633946830267,82
both_global,historical_points,250,derived_period,2010s,2272,4464,0.5089605734767025,1112,2232,0.4982078853046595,99
both_global,historical_points,250,derived_period,2020s,4572,6672,0.685251798561151,2242,3336,0.6720623501199041,167
both_global,historical_points,500,overall,Overall,6414,15048,0.4262360446570973,3125,7524,0.41533758639021795,173
both_global,historical_points,500,surface,Hard,4351,9646,0.4510678001244039,2120,4823,0.43956043956043955,168
both_global,historical_points,500,surface,Clay,1370,3744,0.3659188034188034,669,1872,0.3573717948717949,142
both_global,historical_points,500,surface,Grass,693,1658,0.41797346200241253,336,829,0.40530759951749096,123
both_global,historical_points,500,derived_period,to_2009,1370,3912,0.3502044989775051,656,1956,0.33537832310838445,49
both_global,historical_points,500,derived_period,2010s,1598,4464,0.3579749103942652,778,2232,0.3485663082437276,61
both_global,historical_points,500,derived_period,2020s,3446,6672,0.5164868105515588,1691,3336,0.50689448441247,116
both_surface,historical_matches,0,overall,Overall,15048,15048,1.0,7524,7524,1.0,1002
both_surface,historical_matches,0,surface,Hard,9646,9646,1.0,4823,4823,1.0,753
both_surface,historical_matches,0,surface,Clay,3744,3744,1.0,1872,1872,1.0,587
both_surface,historical_matches,0,surface,Grass,1658,1658,1.0,829,829,1.0,359
both_surface,historical_matches,0,derived_period,to_2009,3912,3912,1.0,1956,1956,1.0,357
both_surface,historical_matches,0,derived_period,2010s,4464,4464,1.0,2232,2232,1.0,412
both_surface,historical_matches,0,derived_period,2020s,6672,6672,1.0,3336,3336,1.0,470
both_surface,historical_matches,1,overall,Overall,12080,15048,0.8027644869750132,6040,7524,0.8027644869750132,524
both_surface,historical_matches,1,surface,Hard,8330,9646,0.8635703918722787,4165,4823,0.8635703918722787,447
both_surface,historical_matches,1,surface,Clay,2728,3744,0.7286324786324786,1364,1872,0.7286324786324786,315
both_surface,historical_matches,1,surface,Grass,1022,1658,0.6164053075995175,511,829,0.6164053075995175,192
both_surface,historical_matches,1,derived_period,to_2009,2862,3912,0.7315950920245399,1431,1956,0.7315950920245399,172
both_surface,historical_matches,1,derived_period,2010s,3486,4464,0.7809139784946236,1743,2232,0.7809139784946236,231
both_surface,historical_matches,1,derived_period,2020s,5732,6672,0.8591127098321343,2866,3336,0.8591127098321343,286
both_surface,historical_matches,3,overall,Overall,9384,15048,0.6236044657097288,4692,7524,0.6236044657097288,333
both_surface,historical_matches,3,surface,Hard,6974,9646,0.7229939871449306,3487,4823,0.7229939871449306,304
both_surface,historical_matches,3,surface,Clay,1862,3744,0.49732905982905984,931,1872,0.49732905982905984,194
both_surface,historical_matches,3,surface,Grass,548,1658,0.330518697225573,274,829,0.330518697225573,96
both_surface,historical_matches,3,derived_period,to_2009,2048,3912,0.523517382413088,1024,1956,0.523517382413088,106
both_surface,historical_matches,3,derived_period,2010s,2562,4464,0.5739247311827957,1281,2232,0.5739247311827957,152
both_surface,historical_matches,3,derived_period,2020s,4774,6672,0.7155275779376499,2387,3336,0.7155275779376499,202
both_surface,historical_matches,5,overall,Overall,7718,15048,0.5128920786815524,3859,7524,0.5128920786815524,263
both_surface,historical_matches,5,surface,Hard,6020,9646,0.6240928882438317,3010,4823,0.6240928882438317,245
both_surface,historical_matches,5,surface,Clay,1364,3744,0.3643162393162393,682,1872,0.3643162393162393,137
both_surface,historical_matches,5,surface,Grass,334,1658,0.2014475271411339,167,829,0.2014475271411339,57
both_surface,historical_matches,5,derived_period,to_2009,1578,3912,0.40337423312883436,789,1956,0.40337423312883436,79
both_surface,historical_matches,5,derived_period,2010s,2028,4464,0.4543010752688172,1014,2232,0.4543010752688172,113
both_surface,historical_matches,5,derived_period,2020s,4112,6672,0.6163069544364509,2056,3336,0.6163069544364509,173
both_surface,historical_matches,10,overall,Overall,5336,15048,0.35459861775651247,2668,7524,0.35459861775651247,176
both_surface,historical_matches,10,surface,Hard,4460,9646,0.4623678208583869,2230,4823,0.4623678208583869,166
both_surface,historical_matches,10,surface,Clay,740,3744,0.19764957264957264,370,1872,0.19764957264957264,81
both_surface,historical_matches,10,surface,Grass,136,1658,0.08202653799758745,68,829,0.08202653799758745,31
both_surface,historical_matches,10,derived_period,to_2009,994,3912,0.25408997955010226,497,1956,0.25408997955010226,47
both_surface,historical_matches,10,derived_period,2010s,1348,4464,0.30197132616487454,674,2232,0.30197132616487454,66
both_surface,historical_matches,10,derived_period,2020s,2994,6672,0.4487410071942446,1497,3336,0.4487410071942446,121
both_surface,historical_matches,20,overall,Overall,3032,15048,0.20148856990962255,1516,7524,0.20148856990962255,108
both_surface,historical_matches,20,surface,Hard,2734,9646,0.28343354758449096,1367,4823,0.28343354758449096,103
both_surface,historical_matches,20,surface,Clay,264,3744,0.07051282051282051,132,1872,0.07051282051282051,30
both_surface,historical_matches,20,surface,Grass,34,1658,0.020506634499396863,17,829,0.020506634499396863,13
both_surface,historical_matches,20,derived_period,to_2009,508,3912,0.12985685071574643,254,1956,0.12985685071574643,28
both_surface,historical_matches,20,derived_period,2010s,792,4464,0.1774193548387097,396,2232,0.1774193548387097,40
both_surface,historical_matches,20,derived_period,2020s,1732,6672,0.2595923261390887,866,3336,0.2595923261390887,80
both_surface,historical_matches,50,overall,Overall,1056,15048,0.07017543859649122,528,7524,0.07017543859649122,43
both_surface,historical_matches,50,surface,Hard,1012,9646,0.10491395397055775,506,4823,0.10491395397055775,43
both_surface,historical_matches,50,surface,Clay,44,3744,0.011752136752136752,22,1872,0.011752136752136752,10
both_surface,historical_matches,50,surface,Grass,0,1658,0.0,0,829,0.0,0
both_surface,historical_matches,50,derived_period,to_2009,154,3912,0.03936605316973415,77,1956,0.03936605316973415,8
both_surface,historical_matches,50,derived_period,2010s,238,4464,0.053315412186379925,119,2232,0.053315412186379925,15
both_surface,historical_matches,50,derived_period,2020s,664,6672,0.09952038369304557,332,3336,0.09952038369304557,33
both_surface,historical_points,0,overall,Overall,15048,15048,1.0,7524,7524,1.0,1002
both_surface,historical_points,0,surface,Hard,9646,9646,1.0,4823,4823,1.0,753
both_surface,historical_points,0,surface,Clay,3744,3744,1.0,1872,1872,1.0,587
both_surface,historical_points,0,surface,Grass,1658,1658,1.0,829,829,1.0,359
both_surface,historical_points,0,derived_period,to_2009,3912,3912,1.0,1956,1956,1.0,357
both_surface,historical_points,0,derived_period,2010s,4464,4464,1.0,2232,2232,1.0,412
both_surface,historical_points,0,derived_period,2020s,6672,6672,1.0,3336,3336,1.0,470
both_surface,historical_points,25,overall,Overall,11490,15048,0.7635566188197768,5652,7524,0.7511961722488039,485
both_surface,historical_points,25,surface,Hard,8028,9646,0.8322620775450964,3964,4823,0.8218950860460295,416
both_surface,historical_points,25,surface,Clay,2522,3744,0.6736111111111112,1229,1872,0.656517094017094,296
both_surface,historical_points,25,surface,Grass,940,1658,0.5669481302774427,459,829,0.5536791314837153,182
both_surface,historical_points,25,derived_period,to_2009,2753,3912,0.7037321063394683,1358,1956,0.6942740286298569,162
both_surface,historical_points,25,derived_period,2010s,3216,4464,0.7204301075268817,1566,2232,0.7016129032258065,203
both_surface,historical_points,25,derived_period,2020s,5521,6672,0.8274880095923262,2728,3336,0.8177458033573142,274
both_surface,historical_points,50,overall,Overall,10373,15048,0.689327485380117,5081,7524,0.6753056884635832,391
both_surface,historical_points,50,surface,Hard,7490,9646,0.7764876632801161,3699,4823,0.7669500311009745,344
both_surface,historical_points,50,surface,Clay,2140,3744,0.5715811965811965,1030,1872,0.5502136752136753,231
both_surface,historical_points,50,surface,Grass,743,1658,0.44813027744270206,352,829,0.42460796139927626,136
both_surface,historical_points,50,derived_period,to_2009,2448,3912,0.6257668711656442,1188,1956,0.6073619631901841,135
both_surface,historical_points,50,derived_period,2010s,2845,4464,0.6373207885304659,1389,2232,0.6223118279569892,167
both_surface,historical_points,50,derived_period,2020s,5080,6672,0.7613908872901679,2504,3336,0.750599520383693,228
both_surface,historical_points,100,overall,Overall,8782,15048,0.5835991493886231,4288,7524,0.5699096225412015,308
both_surface,historical_points,100,surface,Hard,6644,9646,0.6887829151980095,3263,4823,0.6765498652291105,281
both_surface,historical_points,100,surface,Clay,1632,3744,0.4358974358974359,783,1872,0.4182692307692308,170
both_surface,historical_points,100,surface,Grass,506,1658,0.30518697225572977,242,829,0.29191797346200243,89
both_surface,historical_points,100,derived_period,to_2009,2010,3912,0.5138036809815951,968,1956,0.4948875255623722,101
both_surface,historical_points,100,derived_period,2010s,2295,4464,0.5141129032258065,1117,2232,0.5004480286738351,135
both_surface,historical_points,100,derived_period,2020s,4477,6672,0.6710131894484412,2203,3336,0.6603717026378897,190
both_surface,historical_points,250,overall,Overall,5985,15048,0.3977272727272727,2884,7524,0.3833067517278044,200
both_surface,historical_points,250,surface,Hard,4904,9646,0.5083972631142443,2382,4823,0.49388347501555047,189
both_surface,historical_points,250,surface,Clay,860,3744,0.2297008547008547,399,1872,0.21314102564102563,95
both_surface,historical_points,250,surface,Grass,221,1658,0.13329312424607961,103,829,0.12424607961399277,46
both_surface,historical_points,250,derived_period,to_2009,1289,3912,0.3294989775051125,613,1956,0.31339468302658485,58
both_surface,historical_points,250,derived_period,2010s,1486,4464,0.3328853046594982,715,2232,0.3203405017921147,71
both_surface,historical_points,250,derived_period,2020s,3210,6672,0.48111510791366907,1556,3336,0.46642685851318944,136
both_surface,historical_points,500,overall,Overall,3741,15048,0.24860446570972886,1799,7524,0.23910154173312068,127
both_surface,historical_points,500,surface,Hard,3323,9646,0.3444951275139954,1605,4823,0.33278042712004974,122
both_surface,historical_points,500,surface,Clay,339,3744,0.09054487179487179,157,1872,0.08386752136752136,38
both_surface,historical_points,500,surface,Grass,79,1658,0.04764776839565742,37,829,0.04463208685162847,21
both_surface,historical_points,500,derived_period,to_2009,774,3912,0.19785276073619631,366,1956,0.18711656441717792,35
both_surface,historical_points,500,derived_period,2010s,945,4464,0.21169354838709678,453,2232,0.20295698924731181,47
both_surface,historical_points,500,derived_period,2020s,2022,6672,0.30305755395683454,980,3336,0.29376498800959233,89
