aggregation_level,group_type,serve_number,surface,derived_period,validation_fold,terminal_class,unforced_error_code,expected_returner_won_point,attempts,concordant,discordant,concordance_rate,concordance_wilson_low,concordance_wilson_high,returner_wins,returner_win_rate,returner_win_wilson_low,returner_win_wilson_high
terminal_class,total,0,ALL,ALL,ALL,winner,,True,17955,17954,1,0.9999443052074631,0.9996845623200996,0.999990168433881,17954,0.9999443052074631,0.9996845623200996,0.999990168433881
terminal_class,total,0,ALL,ALL,ALL,forced_error,,False,16550,16550,0,1.0,0.9997679415481748,1.0,0,0.0,0.0,0.00023205845182522322
terminal_class,total,0,ALL,ALL,ALL,unforced_error,,False,39673,39671,2,0.9999495878809266,0.9998161917887727,0.9999861750697681,2,5.041211907342525e-05,1.3824930231983546e-05,0.00018380821122743733
terminal_class,serve_number,1,ALL,ALL,ALL,winner,,True,8030,8030,0,1.0,0.9995218403499265,1.0,8030,1.0,0.9995218403499265,1.0
terminal_class,serve_number,2,ALL,ALL,ALL,winner,,True,9925,9924,1,0.9998992443324937,0.9994294537013974,0.9999822139292199,9924,0.9998992443324937,0.9994294537013974,0.9999822139292199
terminal_class,serve_number,1,ALL,ALL,ALL,forced_error,,False,14962,14962,0,1.0,0.9997433182202776,1.0,0,0.0,0.0,0.00025668177972245016
terminal_class,serve_number,2,ALL,ALL,ALL,forced_error,,False,1588,1588,0,1.0,0.997586783030805,1.0,0,0.0,0.0,0.0024132169691949384
terminal_class,serve_number,1,ALL,ALL,ALL,unforced_error,,False,1973,1973,0,1.0,0.9980567693966792,1.0,0,0.0,0.0,0.0019432306033210114
terminal_class,serve_number,2,ALL,ALL,ALL,unforced_error,,False,37700,37698,2,0.999946949602122,0.999806573389657,0.9999854515468668,2,5.305039787798409e-05,1.454845313316391e-05,0.00019342661034301779
terminal_class,surface,0,Hard,ALL,ALL,winner,,True,10877,10876,1,0.9999080628849867,0.999479372074519,0.9999837706573365,10876,0.9999080628849867,0.999479372074519,0.9999837706573365
terminal_class,surface,0,Hard,ALL,ALL,forced_error,,False,10941,10941,0,1.0,0.9996490164946522,1.0,0,0.0,0.0,0.0003509835053479196
terminal_class,surface,0,Hard,ALL,ALL,unforced_error,,False,24890,24888,2,0.9999196464443552,0.9997070401866401,0.9999779638801825,2,8.035355564483728e-05,2.2036119817636922e-05,0.00029295981335986955
terminal_class,surface,0,Clay,ALL,ALL,winner,,True,3267,3267,0,1.0,0.9988255441698849,1.0,3267,1.0,0.9988255441698849,1.0
terminal_class,surface,0,Clay,ALL,ALL,forced_error,,False,2575,2575,0,1.0,0.9985103935693468,1.0,0,0.0,0.0,0.0014896064306530992
terminal_class,surface,0,Clay,ALL,ALL,unforced_error,,False,8955,8955,0,1.0,0.9995712103134818,1.0,0,0.0,0.0,0.0004287896865182163
terminal_class,surface,0,Grass,ALL,ALL,winner,,True,3811,3811,0,1.0,0.9989930226820273,1.0,3811,1.0,0.9989930226820273,1.0
terminal_class,surface,0,Grass,ALL,ALL,forced_error,,False,3034,3034,0,1.0,0.9987354643509984,1.0,0,0.0,0.0,0.0012645356490017092
terminal_class,surface,0,Grass,ALL,ALL,unforced_error,,False,5828,5828,0,1.0,0.9993412957386067,1.0,0,0.0,0.0,0.0006587042613930967
terminal_class,derived_period,0,ALL,to_2009,ALL,winner,,True,9581,9580,1,0.9998956267612984,0.9994089770565329,0.9999815753228893,9580,0.9998956267612984,0.9994089770565329,0.9999815753228893
terminal_class,derived_period,0,ALL,to_2009,ALL,forced_error,,False,5946,5946,0,1.0,0.9993543594653267,1.0,0,0.0,0.0,0.0006456405346732605
terminal_class,derived_period,0,ALL,to_2009,ALL,unforced_error,,False,14403,14402,1,0.9999305700201347,0.9996067919754688,0.9999877437985665,1,6.942997986530584e-05,1.2256201433326818e-05,0.00039320802453118186
terminal_class,derived_period,0,ALL,2010s,ALL,winner,,True,4736,4736,0,1.0,0.9991895385417281,1.0,4736,1.0,0.9991895385417281,1.0
terminal_class,derived_period,0,ALL,2010s,ALL,forced_error,,False,7330,7330,0,1.0,0.9994762010002174,1.0,0,0.0,0.0,0.0005237989997825566
terminal_class,derived_period,0,ALL,2010s,ALL,unforced_error,,False,13128,13127,1,0.9999238269347959,0.9995686148840742,0.9999865534570144,1,7.617306520414382e-05,1.3446542985809764e-05,0.0004313851159260028
terminal_class,derived_period,0,ALL,2020s,ALL,winner,,True,3638,3638,0,1.0,0.9989451877946554,1.0,3638,1.0,0.9989451877946554,1.0
terminal_class,derived_period,0,ALL,2020s,ALL,forced_error,,False,3274,3274,0,1.0,0.9988280522810653,1.0,0,0.0,0.0,0.001171947718934585
terminal_class,derived_period,0,ALL,2020s,ALL,unforced_error,,False,12142,12142,0,1.0,0.9996837222983918,1.0,0,0.0,0.0,0.00031627770160826
terminal_class,validation_fold,0,ALL,ALL,pre_validation,winner,,True,14317,14316,1,0.9999301529650066,0.9996044306897652,0.9999876701768288,14316,0.9999301529650066,0.9996044306897652,0.9999876701768288
terminal_class,validation_fold,0,ALL,ALL,pre_validation,forced_error,,False,13276,13276,0,1.0,0.9997107300691347,1.0,0,0.0,0.0,0.00028926993086521855
terminal_class,validation_fold,0,ALL,ALL,pre_validation,unforced_error,,False,27531,27529,2,0.9999273546184302,0.9997351390622904,0.9999800777900594,2,7.264538156986669e-05,1.9922209940617804e-05,0.0002648609377096527
terminal_class,validation_fold,0,ALL,ALL,validation_2020,winner,,True,367,367,0,1.0,0.9896412368970012,1.0,367,1.0,0.9896412368970012,1.0
terminal_class,validation_fold,0,ALL,ALL,validation_2020,forced_error,,False,448,448,0,1.0,0.9914982152573595,1.0,0,0.0,0.0,0.008501784742640326
terminal_class,validation_fold,0,ALL,ALL,validation_2020,unforced_error,,False,1253,1253,0,1.0,0.9969435613428137,1.0,0,0.0,0.0,0.0030564386571864054
terminal_class,validation_fold,0,ALL,ALL,validation_2021,winner,,True,763,763,0,1.0,0.9949905436430082,1.0,763,1.0,0.9949905436430082,1.0
terminal_class,validation_fold,0,ALL,ALL,validation_2021,forced_error,,False,1365,1365,0,1.0,0.9971936422615344,1.0,0,0.0,0.0,0.0028063577384656946
terminal_class,validation_fold,0,ALL,ALL,validation_2021,unforced_error,,False,2426,2426,0,1.0,0.9984190496022902,1.0,0,0.0,0.0,0.0015809503977097126
terminal_class,validation_fold,0,ALL,ALL,validation_2022,winner,,True,1244,1244,0,1.0,0.9969215169174418,1.0,1244,1.0,0.9969215169174418,1.0
terminal_class,validation_fold,0,ALL,ALL,validation_2022,forced_error,,False,982,982,0,1.0,0.9961033705913631,1.0,0,0.0,0.0,0.0038966294086368036
terminal_class,validation_fold,0,ALL,ALL,validation_2022,unforced_error,,False,4125,4125,0,1.0,0.9990696036990019,1.0,0,0.0,0.0,0.0009303963009980401
terminal_class,validation_fold,0,ALL,ALL,validation_2023,winner,,True,1264,1264,0,1.0,0.9969700795048402,1.0,1264,1.0,0.9969700795048402,1.0
terminal_class,validation_fold,0,ALL,ALL,validation_2023,forced_error,,False,479,479,0,1.0,0.9920440576290267,1.0,0,0.0,0.0,0.007955942370973312
terminal_class,validation_fold,0,ALL,ALL,validation_2023,unforced_error,,False,4338,4338,0,1.0,0.999115246639674,1.0,0,0.0,0.0,0.000884753360325948
unforced_error_code,total,0,ALL,ALL,ALL,unforced_error,n,False,14541,14541,0,1.0,0.9997358885738583,1.0,0,0.0,0.0,0.00026411142614170464
unforced_error_code,total,0,ALL,ALL,ALL,unforced_error,w,False,8063,8063,0,1.0,0.9995237964152013,1.0,0,0.0,0.0,0.00047620358479881606
unforced_error_code,total,0,ALL,ALL,ALL,unforced_error,d,False,15158,15156,2,0.9998680564718301,0.9995190006176161,0.9999638155797442,2,0.00013194352816994325,3.6184420255766254e-05,0.00048099938238399846
unforced_error_code,total,0,ALL,ALL,ALL,unforced_error,x,False,1480,1480,0,1.0,0.9974111393115092,1.0,0,0.0,0.0,0.002588860688491063
unforced_error_code,total,0,ALL,ALL,ALL,unforced_error,e,False,10,10,0,1.0,0.7224672001371107,1.0,0,0.0,0.0,0.2775327998628892
unforced_error_code,total,0,ALL,ALL,ALL,unforced_error,!,False,421,421,0,1.0,0.990957900315667,1.0,0,0.0,0.0,0.009042099684332894
unforced_error_code,serve_number,1,ALL,ALL,ALL,unforced_error,n,False,713,713,0,1.0,0.9946411319080041,1.0,0,0.0,0.0,0.00535886809199606
unforced_error_code,serve_number,2,ALL,ALL,ALL,unforced_error,n,False,13828,13828,0,1.0,0.9997222742299259,1.0,0,0.0,0.0,0.00027772577007412056
unforced_error_code,serve_number,1,ALL,ALL,ALL,unforced_error,w,False,345,345,0,1.0,0.9889879521955884,1.0,0,0.0,0.0,0.011012047804411488
unforced_error_code,serve_number,2,ALL,ALL,ALL,unforced_error,w,False,7718,7718,0,1.0,0.9995025203714453,1.0,0,0.0,0.0,0.0004974796285549233
unforced_error_code,serve_number,1,ALL,ALL,ALL,unforced_error,d,False,822,822,0,1.0,0.9953484306465072,1.0,0,0.0,0.0,0.004651569353492798
unforced_error_code,serve_number,2,ALL,ALL,ALL,unforced_error,d,False,14336,14334,2,0.9998604910714286,0.9994914289826686,0.9999617407861039,2,0.00013950892857142856,3.8259213896190596e-05,0.0005085710173314151
unforced_error_code,serve_number,1,ALL,ALL,ALL,unforced_error,x,False,46,46,0,1.0,0.9229264369144198,1.0,0,0.0,0.0,0.07707356308558039
unforced_error_code,serve_number,2,ALL,ALL,ALL,unforced_error,x,False,1434,1434,0,1.0,0.9973283154431749,1.0,0,0.0,0.0,0.002671684556825103
unforced_error_code,serve_number,1,ALL,ALL,ALL,unforced_error,e,False,3,3,0,1.0,0.4385029682449546,1.0,0,0.0,0.0,0.5614970317550454
unforced_error_code,serve_number,2,ALL,ALL,ALL,unforced_error,e,False,7,7,0,1.0,0.6456695649333126,1.0,0,0.0,0.0,0.35433043506668743
unforced_error_code,serve_number,1,ALL,ALL,ALL,unforced_error,!,False,44,44,0,1.0,0.9197043962415192,1.0,0,0.0,0.0,0.08029560375848066
unforced_error_code,serve_number,2,ALL,ALL,ALL,unforced_error,!,False,377,377,0,1.0,0.9899132336259041,1.0,0,0.0,0.0,0.010086766374095689
unforced_error_code,surface,0,Hard,ALL,ALL,unforced_error,n,False,9086,9086,0,1.0,0.9995773898985919,1.0,0,0.0,0.0,0.00042261010140791957
unforced_error_code,surface,0,Hard,ALL,ALL,unforced_error,w,False,5063,5063,0,1.0,0.9992418434932464,1.0,0,0.0,0.0,0.0007581565067536618
unforced_error_code,surface,0,Hard,ALL,ALL,unforced_error,d,False,9572,9570,2,0.9997910572503134,0.9992384221594267,0.9999426984914931,2,0.0002089427496865859,5.7301508506948896e-05,0.0007615778405732348
unforced_error_code,surface,0,Hard,ALL,ALL,unforced_error,x,False,934,934,0,1.0,0.9959039358043259,1.0,0,0.0,0.0,0.004096064195674008
unforced_error_code,surface,0,Hard,ALL,ALL,unforced_error,e,False,6,6,0,1.0,0.6096657120978346,1.0,0,0.0,0.0,0.3903342879021653
unforced_error_code,surface,0,Hard,ALL,ALL,unforced_error,!,False,229,229,0,1.0,0.9835018263493515,1.0,0,0.0,0.0,0.016498173650648464
unforced_error_code,surface,0,Clay,ALL,ALL,unforced_error,n,False,2948,2948,0,1.0,0.9986986229191899,1.0,0,0.0,0.0,0.0013013770808100403
unforced_error_code,surface,0,Clay,ALL,ALL,unforced_error,w,False,1790,1790,0,1.0,0.9978585293578733,1.0,0,0.0,0.0,0.0021414706421266317
unforced_error_code,surface,0,Clay,ALL,ALL,unforced_error,d,False,3771,3771,0,1.0,0.9989823522755592,1.0,0,0.0,0.0,0.0010176477244409209
unforced_error_code,surface,0,Clay,ALL,ALL,unforced_error,x,False,329,329,0,1.0,0.988458592765742,1.0,0,0.0,0.0,0.01154140723425794
unforced_error_code,surface,0,Clay,ALL,ALL,unforced_error,e,False,4,4,0,1.0,0.5101091635454027,1.0,0,0.0,0.0,0.4898908364545973
unforced_error_code,surface,0,Clay,ALL,ALL,unforced_error,!,False,113,113,0,1.0,0.967122467834048,1.0,0,0.0,0.0,0.03287753216595198
unforced_error_code,surface,0,Grass,ALL,ALL,unforced_error,n,False,2507,2507,0,1.0,0.9984700512223904,1.0,0,0.0,0.0,0.0015299487776095598
unforced_error_code,surface,0,Grass,ALL,ALL,unforced_error,w,False,1210,1210,0,1.0,0.9968352878435821,1.0,0,0.0,0.0,0.0031647121564180956
unforced_error_code,surface,0,Grass,ALL,ALL,unforced_error,d,False,1815,1815,0,1.0,0.9978879639002814,1.0,0,0.0,0.0,0.002112036099718588
unforced_error_code,surface,0,Grass,ALL,ALL,unforced_error,x,False,217,217,0,1.0,0.9826053548042667,1.0,0,0.0,0.0,0.017394645195733326
unforced_error_code,surface,0,Grass,ALL,ALL,unforced_error,e,False,0,0,0,,,,0,,,
unforced_error_code,surface,0,Grass,ALL,ALL,unforced_error,!,False,79,79,0,1.0,0.9536287883460772,1.0,0,0.0,0.0,0.04637121165392266
unforced_error_code,derived_period,0,ALL,to_2009,ALL,unforced_error,n,False,5684,5684,0,1.0,0.9993246192165331,1.0,0,0.0,0.0,0.0006753807834669509
unforced_error_code,derived_period,0,ALL,to_2009,ALL,unforced_error,w,False,3136,3136,0,1.0,0.9987765436978027,1.0,0,0.0,0.0,0.001223456302197167
unforced_error_code,derived_period,0,ALL,to_2009,ALL,unforced_error,d,False,4869,4868,1,0.9997946190182789,0.9988374769507292,0.9999637442935779,1,0.00020538098172109262,3.6255706422084685e-05,0.0011625230492708725
unforced_error_code,derived_period,0,ALL,to_2009,ALL,unforced_error,x,False,592,592,0,1.0,0.9935528843053364,1.0,0,0.0,0.0,0.006447115694663556
unforced_error_code,derived_period,0,ALL,to_2009,ALL,unforced_error,e,False,3,3,0,1.0,0.4385029682449546,1.0,0,0.0,0.0,0.5614970317550454
unforced_error_code,derived_period,0,ALL,to_2009,ALL,unforced_error,!,False,119,119,0,1.0,0.9687283197580606,1.0,0,0.0,0.0,0.031271680241939506
unforced_error_code,derived_period,0,ALL,2010s,ALL,unforced_error,n,False,4687,4687,0,1.0,0.9991810725528847,1.0,0,0.0,0.0,0.00081892744711519
unforced_error_code,derived_period,0,ALL,2010s,ALL,unforced_error,w,False,2582,2582,0,1.0,0.9985144260072132,1.0,0,0.0,0.0,0.0014855739927868866
unforced_error_code,derived_period,0,ALL,2010s,ALL,unforced_error,d,False,5192,5191,1,0.9998073959938367,0.9989097435902234,0.9999659998544159,1,0.0001926040061633282,3.4000145584114276e-05,0.0010902564097765967
unforced_error_code,derived_period,0,ALL,2010s,ALL,unforced_error,x,False,462,462,0,1.0,0.9917537206104003,1.0,0,0.0,0.0,0.008246279389599652
unforced_error_code,derived_period,0,ALL,2010s,ALL,unforced_error,e,False,5,5,0,1.0,0.5655175352168251,1.0,0,0.0,0.0,0.43448246478317476
unforced_error_code,derived_period,0,ALL,2010s,ALL,unforced_error,!,False,200,200,0,1.0,0.9811546736227335,1.0,0,0.0,0.0,0.018845326377266575
unforced_error_code,derived_period,0,ALL,2020s,ALL,unforced_error,n,False,4170,4170,0,1.0,0.9990796347061588,1.0,0,0.0,0.0,0.0009203652938412083
unforced_error_code,derived_period,0,ALL,2020s,ALL,unforced_error,w,False,2345,2345,0,1.0,0.998364530391667,1.0,0,0.0,0.0,0.0016354696083331413
unforced_error_code,derived_period,0,ALL,2020s,ALL,unforced_error,d,False,5097,5097,0,1.0,0.9992468970361642,1.0,0,0.0,0.0,0.000753102963835748
unforced_error_code,derived_period,0,ALL,2020s,ALL,unforced_error,x,False,426,426,0,1.0,0.9910630797893867,1.0,0,0.0,0.0,0.008936920210613205
unforced_error_code,derived_period,0,ALL,2020s,ALL,unforced_error,e,False,2,2,0,1.0,0.34238022750665303,1.0,0,0.0,0.0,0.6576197724933469
unforced_error_code,derived_period,0,ALL,2020s,ALL,unforced_error,!,False,102,102,0,1.0,0.9637055378535367,1.0,0,0.0,0.0,0.03629446214646319
unforced_error_code,validation_fold,0,ALL,ALL,pre_validation,unforced_error,n,False,10371,10371,0,1.0,0.9996297332507736,1.0,0,0.0,0.0,0.00037026674922614023
unforced_error_code,validation_fold,0,ALL,ALL,pre_validation,unforced_error,w,False,5718,5718,0,1.0,0.9993286324257076,1.0,0,0.0,0.0,0.0006713675742923981
unforced_error_code,validation_fold,0,ALL,ALL,pre_validation,unforced_error,d,False,10061,10059,2,0.9998012126031209,0.9992754222449662,0.999945483632908,2,0.00019878739687903787,5.45163670919777e-05,0.0007245777550337091
unforced_error_code,validation_fold,0,ALL,ALL,pre_validation,unforced_error,x,False,1054,1054,0,1.0,0.996368587382672,1.0,0,0.0,0.0,0.0036314126173279987
unforced_error_code,validation_fold,0,ALL,ALL,pre_validation,unforced_error,e,False,8,8,0,1.0,0.6755924351161198,1.0,0,0.0,0.0,0.32440756488388023
unforced_error_code,validation_fold,0,ALL,ALL,pre_validation,unforced_error,!,False,319,319,0,1.0,0.9881010981838375,1.0,0,0.0,0.0,0.011898901816162554
unforced_error_code,validation_fold,0,ALL,ALL,validation_2020,unforced_error,n,False,439,439,0,1.0,0.9913254309320447,1.0,0,0.0,0.0,0.008674569067955145
unforced_error_code,validation_fold,0,ALL,ALL,validation_2020,unforced_error,w,False,256,256,0,1.0,0.9852161435741286,1.0,0,0.0,0.0,0.01478385642587143
unforced_error_code,validation_fold,0,ALL,ALL,validation_2020,unforced_error,d,False,498,498,0,1.0,0.9923452740837289,1.0,0,0.0,0.0,0.007654725916271223
unforced_error_code,validation_fold,0,ALL,ALL,validation_2020,unforced_error,x,False,44,44,0,1.0,0.9197043962415192,1.0,0,0.0,0.0,0.08029560375848066
unforced_error_code,validation_fold,0,ALL,ALL,validation_2020,unforced_error,e,False,0,0,0,,,,0,,,
unforced_error_code,validation_fold,0,ALL,ALL,validation_2020,unforced_error,!,False,16,16,0,1.0,0.8063923194655637,1.0,0,0.0,0.0,0.1936076805344365
unforced_error_code,validation_fold,0,ALL,ALL,validation_2021,unforced_error,n,False,844,844,0,1.0,0.9954691307192769,1.0,0,0.0,0.0,0.00453086928072308
unforced_error_code,validation_fold,0,ALL,ALL,validation_2021,unforced_error,w,False,447,447,0,1.0,0.9914793576643495,1.0,0,0.0,0.0,0.008520642335650695
unforced_error_code,validation_fold,0,ALL,ALL,validation_2021,unforced_error,d,False,1026,1026,0,1.0,0.9962698541724148,1.0,0,0.0,0.0,0.0037301458275850615
unforced_error_code,validation_fold,0,ALL,ALL,validation_2021,unforced_error,x,False,89,89,0,1.0,0.9586234547637477,1.0,0,0.0,0.0,0.04137654523625252
unforced_error_code,validation_fold,0,ALL,ALL,validation_2021,unforced_error,e,False,2,2,0,1.0,0.34238022750665303,1.0,0,0.0,0.0,0.6576197724933469
unforced_error_code,validation_fold,0,ALL,ALL,validation_2021,unforced_error,!,False,18,18,0,1.0,0.8241207763533425,1.0,0,0.0,0.0,0.17587922364665765
unforced_error_code,validation_fold,0,ALL,ALL,validation_2022,unforced_error,n,False,1419,1419,0,1.0,0.9973001497834634,1.0,0,0.0,0.0,0.002699850216536475
unforced_error_code,validation_fold,0,ALL,ALL,validation_2022,unforced_error,w,False,822,822,0,1.0,0.9953484306465072,1.0,0,0.0,0.0,0.004651569353492798
unforced_error_code,validation_fold,0,ALL,ALL,validation_2022,unforced_error,d,False,1706,1706,0,1.0,0.9977533245548137,1.0,0,0.0,0.0,0.002246675445186388
unforced_error_code,validation_fold,0,ALL,ALL,validation_2022,unforced_error,x,False,135,135,0,1.0,0.9723320479824751,1.0,0,0.0,0.0,0.02766795201752491
unforced_error_code,validation_fold,0,ALL,ALL,validation_2022,unforced_error,e,False,0,0,0,,,,0,,,
unforced_error_code,validation_fold,0,ALL,ALL,validation_2022,unforced_error,!,False,43,43,0,1.0,0.9179901967742088,1.0,0,0.0,0.0,0.08200980322579117
unforced_error_code,validation_fold,0,ALL,ALL,validation_2023,unforced_error,n,False,1468,1468,0,1.0,0.9973900321956062,1.0,0,0.0,0.0,0.002609967804393875
unforced_error_code,validation_fold,0,ALL,ALL,validation_2023,unforced_error,w,False,820,820,0,1.0,0.995337138256925,1.0,0,0.0,0.0,0.0046628617430750155
unforced_error_code,validation_fold,0,ALL,ALL,validation_2023,unforced_error,d,False,1867,1867,0,1.0,0.9979466679003811,1.0,0,0.0,0.0,0.002053332099618763
unforced_error_code,validation_fold,0,ALL,ALL,validation_2023,unforced_error,x,False,158,158,0,1.0,0.9762640620723142,1.0,0,0.0,0.0,0.023735937927685878
unforced_error_code,validation_fold,0,ALL,ALL,validation_2023,unforced_error,e,False,0,0,0,,,,0,,,
unforced_error_code,validation_fold,0,ALL,ALL,validation_2023,unforced_error,!,False,25,25,0,1.0,0.8668077490609515,1.0,0,0.0,0.0,0.13319225093904846
