column,dimension,group_value,total_rows,null_count,null_proportion,empty_count,empty_proportion,whitespace_only_count,whitespace_only_proportion,substantive_count,substantive_proportion,non_null_count,raw_length_min,raw_length_mean,raw_length_p25,raw_length_median,raw_length_p75,raw_length_p90,raw_length_p95,raw_length_p99,raw_length_max,trimmed_length_min,trimmed_length_mean,trimmed_length_p25,trimmed_length_median,trimmed_length_p75,trimmed_length_p90,trimmed_length_p95,trimmed_length_p99,trimmed_length_max
first_serve,overall,all,1280408,0,0.0,0,0.0,0,0.0,1280408,1.0,1280408,1,7.2056039949766015,2.0,4.0,10.0,17.0,23.0,38.0,179,1,7.205371256661939,2.0,4.0,10.0,17.0,23.0,38.0,179
first_serve,surface,Hard,801089,0,0.0,0,0.0,0,0.0,801089,1.0,801089,1,7.059547690706027,2.0,3.0,10.0,16.0,22.0,38.0,179,1,7.0593329829769225,2.0,3.0,10.0,16.0,22.0,38.0,179
first_serve,surface,Clay,311240,0,0.0,0,0.0,0,0.0,311240,1.0,311240,1,8.09101015293664,2.0,5.0,11.0,19.0,26.0,41.0,175,1,8.090733838838196,2.0,5.0,11.0,19.0,26.0,41.0,175
first_serve,surface,Grass,168079,0,0.0,0,0.0,0,0.0,168079,1.0,168079,1,6.2621802842710865,2.0,3.0,9.0,14.0,18.0,30.0,129,1,6.261942300941819,2.0,3.0,9.0,14.0,18.0,30.0,129
first_serve,year,1960,539,0,0.0,0,0.0,0,0.0,539,1.0,539,1,7.343228200371057,2.0,5.0,11.0,17.0,21.0,41.34000000000003,71,1,7.343228200371057,2.0,5.0,11.0,17.0,21.0,41.34000000000003,71
first_serve,year,1969,718,0,0.0,0,0.0,0,0.0,718,1.0,718,1,6.008356545961003,2.0,6.0,9.0,12.0,13.149999999999977,19.83000000000004,27,1,6.008356545961003,2.0,6.0,9.0,12.0,13.149999999999977,19.83000000000004,27
first_serve,year,1970,301,0,0.0,0,0.0,0,0.0,301,1.0,301,1,6.67109634551495,3.0,6.0,10.0,12.0,15.0,23.0,26,1,6.67109634551495,3.0,6.0,10.0,12.0,15.0,23.0,26
first_serve,year,1971,505,0,0.0,0,0.0,0,0.0,505,1.0,505,1,5.986138613861386,2.0,6.0,9.0,12.0,13.799999999999955,20.0,25,1,5.986138613861386,2.0,6.0,9.0,12.0,13.799999999999955,20.0,25
first_serve,year,1972,263,0,0.0,0,0.0,0,0.0,263,1.0,263,1,5.011406844106464,2.0,2.0,8.5,12.0,13.0,16.379999999999995,20,1,5.011406844106464,2.0,2.0,8.5,12.0,13.0,16.379999999999995,20
first_serve,year,1973,355,0,0.0,0,0.0,0,0.0,355,1.0,355,1,4.68169014084507,1.0,2.0,6.0,12.0,16.0,21.91999999999996,37,1,4.68169014084507,1.0,2.0,6.0,12.0,16.0,21.91999999999996,37
first_serve,year,1974,527,0,0.0,0,0.0,0,0.0,527,1.0,527,1,7.377609108159393,2.0,6.0,11.0,15.0,20.0,27.0,47,1,7.377609108159393,2.0,6.0,11.0,15.0,20.0,27.0,47
first_serve,year,1975,898,0,0.0,0,0.0,0,0.0,898,1.0,898,1,6.22271714922049,2.0,4.0,9.0,12.0,16.0,27.089999999999918,49,1,6.22271714922049,2.0,4.0,9.0,12.0,16.0,27.089999999999918,49
first_serve,year,1976,457,0,0.0,0,0.0,0,0.0,457,1.0,457,1,7.37199124726477,2.0,5.0,11.0,16.0,20.0,35.0,69,1,7.37199124726477,2.0,5.0,11.0,16.0,20.0,35.0,69
first_serve,year,1977,411,0,0.0,0,0.0,0,0.0,411,1.0,411,1,7.591240875912408,2.0,4.0,11.0,20.0,25.0,38.69999999999993,47,1,7.591240875912408,2.0,4.0,11.0,20.0,25.0,38.69999999999993,47
first_serve,year,1978,541,0,0.0,0,0.0,0,0.0,541,1.0,541,1,10.158964879852126,2.0,5.0,14.0,24.0,29.0,50.40000000000009,175,1,10.158964879852126,2.0,5.0,14.0,24.0,29.0,50.40000000000009,175
first_serve,year,1979,753,0,0.0,0,0.0,0,0.0,753,1.0,753,1,7.232403718459495,2.0,6.0,10.0,14.0,18.0,30.480000000000018,49,1,7.232403718459495,2.0,6.0,10.0,14.0,18.0,30.480000000000018,49
first_serve,year,1980,2703,0,0.0,0,0.0,0,0.0,2703,1.0,2703,1,7.2881982981872,2.0,6.0,10.0,15.0,21.0,39.0,97,1,7.2881982981872,2.0,6.0,10.0,15.0,21.0,39.0,97
first_serve,year,1981,2661,0,0.0,0,0.0,0,0.0,2661,1.0,2661,1,7.895903795565577,2.0,5.0,11.0,18.0,25.0,46.0,96,1,7.895903795565577,2.0,5.0,11.0,18.0,25.0,46.0,96
first_serve,year,1982,2663,0,0.0,0,0.0,0,0.0,2663,1.0,2663,1,7.352985354862937,2.0,3.0,10.0,16.0,22.0,48.38000000000011,169,1,7.352985354862937,2.0,3.0,10.0,16.0,22.0,48.38000000000011,169
first_serve,year,1983,2494,0,0.0,0,0.0,0,0.0,2494,1.0,2494,1,7.5429029671210905,2.0,4.0,10.75,16.0,24.0,48.0,142,1,7.5429029671210905,2.0,4.0,10.75,16.0,24.0,48.0,142
first_serve,year,1984,3203,0,0.0,0,0.0,0,0.0,3203,1.0,3203,1,7.365594754917265,2.0,5.0,10.0,15.800000000000182,21.0,44.940000000000055,132,1,7.365594754917265,2.0,5.0,10.0,15.800000000000182,21.0,44.940000000000055,132
first_serve,year,1985,6898,0,0.0,0,0.0,0,0.0,6898,1.0,6898,1,5.850971296027834,2.0,3.0,8.0,12.0,16.0,30.0,140,1,5.850826326471441,2.0,3.0,8.0,12.0,16.0,30.0,140
first_serve,year,1986,4349,0,0.0,0,0.0,0,0.0,4349,1.0,4349,1,5.9931018624971255,2.0,2.0,9.0,13.0,18.0,30.0,104,1,5.9931018624971255,2.0,2.0,9.0,13.0,18.0,30.0,104
first_serve,year,1987,8420,0,0.0,0,0.0,0,0.0,8420,1.0,8420,1,7.353919239904988,2.0,5.0,10.0,15.0,22.0,41.0,167,1,7.353681710213777,2.0,5.0,10.0,15.0,22.0,41.0,167
first_serve,year,1988,6628,0,0.0,0,0.0,0,0.0,6628,1.0,6628,1,7.378847314423657,2.0,5.0,10.0,15.300000000000182,21.0,40.0,106,1,7.37869643934822,2.0,5.0,10.0,15.300000000000182,21.0,40.0,106
first_serve,year,1989,7648,0,0.0,0,0.0,0,0.0,7648,1.0,7648,1,6.806616108786611,2.0,5.0,10.0,14.0,20.0,35.0,88,1,6.806616108786611,2.0,5.0,10.0,14.0,20.0,35.0,88
first_serve,year,1990,14001,0,0.0,0,0.0,0,0.0,14001,1.0,14001,1,6.7920862795514605,2.0,5.0,10.0,15.0,20.0,34.0,122,1,6.791514891793443,2.0,5.0,10.0,15.0,20.0,34.0,122
first_serve,year,1991,16384,0,0.0,0,0.0,0,0.0,16384,1.0,16384,1,6.4403076171875,2.0,3.0,9.0,14.0,19.0,33.0,83,1,6.44000244140625,2.0,3.0,9.0,14.0,19.0,33.0,83
first_serve,year,1992,14927,0,0.0,0,0.0,0,0.0,14927,1.0,14927,1,6.029610772425806,2.0,3.0,9.0,12.0,16.0,28.0,87,1,6.029476787030213,2.0,3.0,9.0,12.0,16.0,28.0,87
first_serve,year,1993,14364,0,0.0,0,0.0,0,0.0,14364,1.0,14364,1,5.848231690336953,2.0,2.0,8.0,13.0,17.0,28.0,63,1,5.847744360902255,2.0,2.0,8.0,13.0,17.0,28.0,63
first_serve,year,1994,14386,0,0.0,0,0.0,0,0.0,14386,1.0,14386,1,6.187682469067148,2.0,3.0,9.0,13.0,18.0,30.0,85,1,6.187543445015987,2.0,3.0,9.0,13.0,18.0,30.0,85
first_serve,year,1995,16100,0,0.0,0,0.0,0,0.0,16100,1.0,16100,1,6.198633540372671,2.0,3.0,9.0,14.0,18.0,31.0,74,1,6.198633540372671,2.0,3.0,9.0,14.0,18.0,31.0,74
first_serve,year,1996,16501,0,0.0,0,0.0,0,0.0,16501,1.0,16501,1,5.730379976971093,2.0,3.0,8.0,12.0,16.0,26.0,74,1,5.730137567420156,2.0,2.0,8.0,12.0,16.0,26.0,74
first_serve,year,1997,13062,0,0.0,0,0.0,0,0.0,13062,1.0,13062,1,5.831955290154647,2.0,3.0,8.0,12.0,16.0,28.0,92,1,5.831725616291533,2.0,3.0,8.0,12.0,16.0,28.0,92
first_serve,year,1998,12816,0,0.0,0,0.0,0,0.0,12816,1.0,12816,1,5.873751560549313,2.0,3.0,8.0,13.0,17.0,29.0,59,1,5.873361423220974,2.0,3.0,8.0,13.0,17.0,29.0,59
first_serve,year,1999,11943,0,0.0,0,0.0,0,0.0,11943,1.0,11943,1,5.965502804990371,2.0,2.0,8.0,13.0,18.0,30.0,64,1,5.965502804990371,2.0,2.0,8.0,13.0,18.0,30.0,64
first_serve,year,2000,14806,0,0.0,0,0.0,0,0.0,14806,1.0,14806,1,5.875050655139808,2.0,2.0,8.0,13.0,18.0,30.0,100,1,5.874983114953397,2.0,2.0,8.0,13.0,18.0,30.0,100
first_serve,year,2001,16722,0,0.0,0,0.0,0,0.0,16722,1.0,16722,1,6.312881234302117,2.0,3.0,9.0,14.0,19.94999999999891,32.79000000000087,76,1,6.312821432842961,2.0,3.0,9.0,14.0,19.94999999999891,32.79000000000087,76
first_serve,year,2002,16964,0,0.0,0,0.0,0,0.0,16964,1.0,16964,1,6.594022636170714,2.0,3.0,10.0,15.0,20.0,33.0,73,1,6.594022636170714,2.0,3.0,10.0,15.0,20.0,33.0,73
first_serve,year,2003,15272,0,0.0,0,0.0,0,0.0,15272,1.0,15272,1,6.680657412257727,2.0,3.0,10.0,15.0,20.0,34.0,58,1,6.680657412257727,2.0,3.0,10.0,15.0,20.0,34.0,58
first_serve,year,2004,18666,0,0.0,0,0.0,0,0.0,18666,1.0,18666,1,6.833226186649523,2.0,3.0,10.0,16.0,22.0,34.0,73,1,6.833172613307618,2.0,3.0,10.0,16.0,22.0,34.0,73
first_serve,year,2005,18839,0,0.0,0,0.0,0,0.0,18839,1.0,18839,1,7.019427782791019,2.0,4.0,10.0,16.0,22.0,34.0,98,1,7.019427782791019,2.0,4.0,10.0,16.0,22.0,34.0,98
first_serve,year,2006,23369,0,0.0,0,0.0,0,0.0,23369,1.0,23369,1,7.160255038726518,2.0,5.0,10.0,16.0,22.0,34.0,64,1,7.160169455261244,2.0,5.0,10.0,16.0,22.0,34.0,64
first_serve,year,2007,16318,0,0.0,0,0.0,0,0.0,16318,1.0,16318,1,7.642296850104179,2.0,5.0,11.0,18.0,24.0,38.0,81,1,7.642235568084324,2.0,5.0,11.0,18.0,24.0,38.0,81
first_serve,year,2008,17817,0,0.0,0,0.0,0,0.0,17817,1.0,17817,1,7.436100353594881,2.0,5.0,11.0,17.0,23.0,37.0,84,1,7.436044227423247,2.0,5.0,11.0,17.0,23.0,37.0,84
first_serve,year,2009,19292,0,0.0,0,0.0,0,0.0,19292,1.0,19292,1,7.371293800539084,2.0,5.0,10.0,17.0,24.0,38.0,94,1,7.371241965581588,2.0,5.0,10.0,17.0,24.0,38.0,94
first_serve,year,2010,17382,0,0.0,0,0.0,0,0.0,17382,1.0,17382,1,7.097169485674836,2.0,4.0,10.0,17.0,22.0,35.0,69,1,7.097169485674836,2.0,4.0,10.0,17.0,22.0,35.0,69
first_serve,year,2011,19496,0,0.0,0,0.0,0,0.0,19496,1.0,19496,1,7.77774928190398,2.0,5.0,11.0,18.0,24.0,38.0,89,1,7.777441526466967,2.0,5.0,11.0,18.0,24.0,38.0,89
first_serve,year,2012,24058,0,0.0,0,0.0,0,0.0,24058,1.0,24058,1,7.407515171668468,2.0,5.0,10.0,17.299999999999272,24.0,38.0,113,1,7.406476016293956,2.0,5.0,10.0,17.299999999999272,24.0,38.0,113
first_serve,year,2013,19555,0,0.0,0,0.0,0,0.0,19555,1.0,19555,1,7.445308105343901,2.0,5.0,10.0,17.0,23.0,38.0,88,1,7.445308105343901,2.0,5.0,10.0,17.0,23.0,38.0,88
first_serve,year,2014,27920,0,0.0,0,0.0,0,0.0,27920,1.0,27920,1,7.15852435530086,2.0,5.0,10.0,16.0,22.0,34.81000000000131,77,1,7.158094555873926,2.0,5.0,10.0,16.0,22.0,34.81000000000131,77
first_serve,year,2015,43591,0,0.0,0,0.0,0,0.0,43591,1.0,43591,1,6.805235025578675,2.0,3.0,10.0,16.0,21.0,34.0,79,1,6.805028560941479,2.0,3.0,10.0,16.0,21.0,34.0,79
first_serve,year,2016,27770,0,0.0,0,0.0,0,0.0,27770,1.0,27770,1,7.0180050414115955,2.0,4.0,10.0,16.0,22.0,36.0,116,1,7.017861001080303,2.0,4.0,10.0,16.0,22.0,36.0,116
first_serve,year,2017,37844,0,0.0,0,0.0,0,0.0,37844,1.0,37844,1,7.298065743578903,2.0,5.0,10.0,17.0,23.0,36.0,103,1,7.297537258217948,2.0,5.0,10.0,17.0,23.0,36.0,103
first_serve,year,2018,43355,0,0.0,0,0.0,0,0.0,43355,1.0,43355,1,7.174397416676277,2.0,5.0,10.0,17.0,22.0,37.0,173,1,7.174282089724368,2.0,5.0,10.0,17.0,22.0,37.0,173
first_serve,year,2019,95959,0,0.0,0,0.0,0,0.0,95959,1.0,95959,1,7.361279296366156,2.0,5.0,10.0,17.0,23.0,38.0,119,1,7.361268875248804,2.0,5.0,10.0,17.0,23.0,38.0,119
first_serve,year,2020,31107,0,0.0,0,0.0,0,0.0,31107,1.0,31107,1,7.918057028964542,2.0,5.0,11.0,19.0,26.0,45.0,125,1,7.917960587649082,2.0,5.0,11.0,19.0,26.0,45.0,125
first_serve,year,2021,60816,0,0.0,0,0.0,0,0.0,60816,1.0,60816,1,7.790334780320968,2.0,5.0,11.0,18.0,26.0,44.0,179,1,7.790252565114444,2.0,5.0,11.0,18.0,26.0,44.0,179
first_serve,year,2022,105721,0,0.0,0,0.0,0,0.0,105721,1.0,105721,1,7.7049592796133215,2.0,4.0,11.0,18.0,25.0,41.0,134,1,7.70460930184164,2.0,4.0,11.0,18.0,25.0,41.0,134
first_serve,year,2023,104702,0,0.0,0,0.0,0,0.0,104702,1.0,104702,1,7.737235200855762,2.0,5.0,11.0,18.0,25.0,43.0,138,1,7.7364424748333365,2.0,5.0,11.0,18.0,25.0,43.0,138
first_serve,year,2024,121256,0,0.0,0,0.0,0,0.0,121256,1.0,121256,1,7.4012997294979215,2.0,3.0,10.0,17.0,24.0,39.0,107,1,7.40115953025005,2.0,3.0,10.0,17.0,24.0,39.0,107
first_serve,year,2025,95305,0,0.0,0,0.0,0,0.0,95305,1.0,95305,1,7.353853417973873,2.0,4.0,10.0,17.0,23.0,38.0,107,1,7.353612087508525,2.0,4.0,10.0,17.0,23.0,38.0,107
first_serve,year,2026,28087,0,0.0,0,0.0,0,0.0,28087,1.0,28087,1,7.490084380674333,2.0,5.0,10.0,18.0,24.0,40.0,90,1,7.490084380674333,2.0,5.0,10.0,18.0,24.0,40.0,90
first_serve,derived_period,to_2009,376484,0,0.0,0,0.0,0,0.0,376484,1.0,376484,1,6.610759022959807,2.0,3.0,9.0,15.0,20.0,34.0,175,1,6.610631527501833,2.0,3.0,9.0,15.0,20.0,34.0,175
first_serve,derived_period,2010s,356930,0,0.0,0,0.0,0,0.0,356930,1.0,356930,1,7.239007648558541,2.0,5.0,10.0,17.0,23.0,37.0,173,1,7.238777911635335,2.0,5.0,10.0,17.0,23.0,37.0,173
first_serve,derived_period,2020s,546994,0,0.0,0,0.0,0,0.0,546994,1.0,546994,1,7.593225885475892,2.0,4.0,10.0,18.0,24.0,41.0,179,1,7.592918752308069,2.0,4.0,10.0,18.0,24.0,41.0,179
second_serve,overall,all,1280408,798865,0.6239144085322803,0,0.0,35,2.7335036956969967e-05,481508,0.3760582564307627,481543,1,12.702103446628858,6.0,10.0,16.0,25.0,32.0,48.0,210,0,12.701974693848731,6.0,10.0,16.0,25.0,32.0,48.0,210
second_serve,surface,Hard,801089,496467,0.6197401287497394,0,0.0,21,2.6214315762668068e-05,304601,0.3802336569344979,304622,1,12.787723801957837,6.0,10.0,17.0,25.0,32.0,48.0,210,0,12.787648298547051,6.0,10.0,17.0,25.0,32.0,48.0,210
second_serve,surface,Clay,311240,195805,0.6291125819303431,0,0.0,9,2.891659169772523e-05,115426,0.3708585014779591,115435,1,13.49139342487114,7.0,11.0,18.0,26.0,33.0,48.0,136,0,13.491185515658163,7.0,11.0,18.0,26.0,33.0,48.0,136
second_serve,surface,Grass,168079,106593,0.6341839254160246,0,0.0,5,2.97479161584731e-05,61481,0.3657863266678169,61486,1,10.796083661321276,6.0,9.0,14.0,20.0,26.0,39.0,105,0,10.795839703347104,6.0,9.0,14.0,20.0,26.0,39.0,105
second_serve,year,1960,539,417,0.7736549165120594,0,0.0,0,0.0,122,0.22634508348794063,122,2,12.352459016393443,8.0,11.0,15.0,19.900000000000006,25.849999999999966,31.789999999999992,41,2,12.352459016393443,8.0,11.0,15.0,19.900000000000006,25.849999999999966,31.789999999999992,41
second_serve,year,1969,718,416,0.5793871866295265,0,0.0,0,0.0,302,0.4206128133704735,302,2,8.993377483443709,6.0,9.0,11.0,13.0,16.0,22.99000000000001,27,2,8.993377483443709,6.0,9.0,11.0,13.0,16.0,22.99000000000001,27
second_serve,year,1970,301,174,0.5780730897009967,0,0.0,0,0.0,127,0.4219269102990033,127,2,9.078740157480315,6.0,8.0,12.0,14.0,17.0,26.47999999999999,29,2,9.078740157480315,6.0,8.0,12.0,14.0,17.0,26.47999999999999,29
second_serve,year,1971,505,339,0.6712871287128713,0,0.0,0,0.0,166,0.3287128712871287,166,1,8.331325301204819,6.0,9.0,11.0,13.5,14.0,17.74999999999997,25,1,8.331325301204819,6.0,9.0,11.0,13.5,14.0,17.74999999999997,25
second_serve,year,1972,263,176,0.6692015209125475,0,0.0,0,0.0,87,0.33079847908745247,87,2,8.298850574712644,6.0,7.0,10.0,12.400000000000006,16.0,17.28,19,2,8.298850574712644,6.0,7.0,10.0,12.400000000000006,16.0,17.28,19
second_serve,year,1973,355,272,0.7661971830985915,0,0.0,0,0.0,83,0.23380281690140844,83,2,12.36144578313253,8.0,11.0,15.0,21.39999999999999,24.0,28.71999999999997,32,2,12.36144578313253,8.0,11.0,15.0,21.39999999999999,24.0,28.71999999999997,32
second_serve,year,1974,527,321,0.6091081593927894,0,0.0,0,0.0,206,0.3908918406072106,206,2,10.718446601941748,6.0,10.0,14.0,18.0,23.0,29.94999999999999,36,2,10.718446601941748,6.0,10.0,14.0,18.0,23.0,29.94999999999999,36
second_serve,year,1975,898,601,0.6692650334075724,0,0.0,0,0.0,297,0.3307349665924276,297,2,12.818181818181818,6.0,11.0,15.0,24.0,30.399999999999977,46.0,53,2,12.818181818181818,6.0,11.0,15.0,24.0,30.399999999999977,46.0,53
second_serve,year,1976,457,272,0.5951859956236324,0,0.0,0,0.0,185,0.4048140043763676,185,2,14.767567567567568,8.0,12.0,20.0,28.0,32.0,39.79999999999998,45,2,14.767567567567568,8.0,12.0,20.0,28.0,32.0,39.79999999999998,45
second_serve,year,1977,411,242,0.5888077858880778,0,0.0,0,0.0,169,0.41119221411192214,169,1,12.36094674556213,8.0,10.0,15.0,23.0,28.599999999999994,39.31999999999999,48,1,12.36094674556213,8.0,10.0,15.0,23.0,28.599999999999994,39.31999999999999,48
second_serve,year,1978,541,340,0.6284658040665434,0,0.0,0,0.0,201,0.37153419593345655,201,2,17.427860696517413,8.0,15.0,24.0,32.0,42.0,58.0,93,2,17.427860696517413,8.0,15.0,24.0,32.0,42.0,58.0,93
second_serve,year,1979,753,466,0.6188579017264276,0,0.0,0,0.0,287,0.38114209827357237,287,2,11.020905923344948,6.0,10.0,13.0,20.0,22.0,43.559999999999945,61,2,11.020905923344948,6.0,10.0,13.0,20.0,22.0,43.559999999999945,61
second_serve,year,1980,2703,1682,0.6222715501294858,0,0.0,0,0.0,1021,0.37772844987051424,1021,2,11.779627815866798,6.0,10.0,14.0,22.0,29.0,47.799999999999955,88,2,11.779627815866798,6.0,10.0,14.0,22.0,29.0,47.799999999999955,88
second_serve,year,1981,2661,1645,0.6181886508831267,0,0.0,1,0.0003757985719654265,1015,0.3814355505449079,1016,2,14.704724409448819,8.0,11.0,19.0,29.0,38.0,56.0,99,0,14.702755905511811,8.0,11.0,19.0,29.0,38.0,56.0,99
second_serve,year,1982,2663,1696,0.6368757040931281,0,0.0,0,0.0,967,0.36312429590687195,967,2,15.279214064115822,8.0,12.0,18.0,30.0,38.69999999999993,75.36000000000013,136,2,15.279214064115822,8.0,12.0,18.0,30.0,38.69999999999993,75.36000000000013,136
second_serve,year,1983,2494,1534,0.6150761828388132,0,0.0,0,0.0,960,0.38492381716118684,960,2,14.121875,6.0,11.0,17.0,28.0,38.0,55.229999999999905,80,2,14.121875,6.0,11.0,17.0,28.0,38.0,55.229999999999905,80
second_serve,year,1984,3203,1997,0.6234779893849516,0,0.0,0,0.0,1206,0.3765220106150484,1206,1,11.848258706467663,6.0,10.0,14.0,22.0,28.0,44.0,117,1,11.848258706467663,6.0,10.0,14.0,22.0,28.0,44.0,117
second_serve,year,1985,6898,4320,0.6262684836184401,0,0.0,0,0.0,2578,0.3737315163815599,2578,1,10.6966640806827,6.0,9.0,12.0,18.0,24.15000000000009,42.0,108,1,10.6966640806827,6.0,9.0,12.0,18.0,24.15000000000009,42.0,108
second_serve,year,1986,4349,2708,0.62267187859278,0,0.0,0,0.0,1641,0.37732812140722005,1641,2,11.72151127361365,6.0,10.0,14.0,22.0,28.0,39.0,58,2,11.72151127361365,6.0,10.0,14.0,22.0,28.0,39.0,58
second_serve,year,1987,8420,5322,0.6320665083135392,0,0.0,0,0.0,3098,0.36793349168646083,3098,1,13.686894770819883,6.0,10.0,16.0,27.0,37.0,64.0,127,1,13.686894770819883,6.0,10.0,16.0,27.0,37.0,64.0,127
second_serve,year,1988,6628,4197,0.6332226916113458,0,0.0,0,0.0,2431,0.3667773083886542,2431,1,12.055121349238997,6.0,10.0,15.0,23.0,28.0,43.69999999999982,75,1,12.055121349238997,6.0,10.0,15.0,23.0,28.0,43.69999999999982,75
second_serve,year,1989,7648,4663,0.6097018828451883,0,0.0,0,0.0,2985,0.3902981171548117,2985,1,11.554103852596315,6.0,10.0,14.0,22.0,28.0,41.159999999999854,94,1,11.554103852596315,6.0,10.0,14.0,22.0,28.0,41.159999999999854,94
second_serve,year,1990,14001,8808,0.6290979215770303,0,0.0,0,0.0,5193,0.3709020784229698,5193,1,11.805892547660312,6.0,10.0,14.0,22.0,28.0,42.0,104,1,11.805892547660312,6.0,10.0,14.0,22.0,28.0,42.0,104
second_serve,year,1991,16384,10058,0.6138916015625,0,0.0,0,0.0,6326,0.3861083984375,6326,1,12.002529244388239,6.0,10.0,15.0,22.0,28.0,44.0,94,1,12.002529244388239,6.0,10.0,15.0,22.0,28.0,44.0,94
second_serve,year,1992,14927,9123,0.6111743819923628,0,0.0,0,0.0,5804,0.38882561800763715,5804,2,10.510337698139214,6.0,9.0,13.0,19.0,24.0,36.0,66,2,10.510337698139214,6.0,9.0,13.0,19.0,24.0,36.0,66
second_serve,year,1993,14364,8692,0.6051239209133946,0,0.0,0,0.0,5672,0.3948760790866054,5672,1,10.600846262341326,6.0,9.0,13.0,19.0,25.0,36.0,89,1,10.600846262341326,6.0,9.0,13.0,19.0,25.0,36.0,89
second_serve,year,1994,14386,8672,0.6028082858334491,0,0.0,0,0.0,5714,0.3971917141665508,5714,1,10.858242912145608,6.0,9.0,14.0,20.0,25.0,38.0,74,1,10.858242912145608,6.0,9.0,14.0,20.0,25.0,38.0,74
second_serve,year,1995,16100,9612,0.5970186335403727,0,0.0,0,0.0,6488,0.40298136645962734,6488,1,10.947441430332923,6.0,9.0,14.0,21.0,26.0,38.0,103,1,10.947441430332923,6.0,9.0,14.0,21.0,26.0,38.0,103
second_serve,year,1996,16501,9834,0.5959638809769104,0,0.0,0,0.0,6667,0.4040361190230895,6667,1,10.482825858707065,6.0,9.0,13.0,19.0,24.0,35.0,62,1,10.481325933703316,6.0,9.0,13.0,19.0,24.0,35.0,62
second_serve,year,1997,13062,7837,0.5999846884091257,0,0.0,1,7.65579543714592e-05,5224,0.39993875363650283,5225,1,10.20287081339713,6.0,9.0,13.0,19.0,24.0,34.0,56,0,10.20267942583732,6.0,9.0,13.0,19.0,24.0,34.0,56
second_serve,year,1998,12816,7609,0.593710986267166,0,0.0,0,0.0,5207,0.40628901373283394,5207,1,10.489917418859228,6.0,9.0,13.0,20.0,24.0,36.0,66,1,10.489917418859228,6.0,9.0,13.0,20.0,24.0,36.0,66
second_serve,year,1999,11943,7033,0.588880515783304,0,0.0,0,0.0,4910,0.411119484216696,4910,1,10.890427698574339,6.0,9.0,14.0,20.0,26.0,38.0,67,1,10.890427698574339,6.0,9.0,14.0,20.0,26.0,38.0,67
second_serve,year,2000,14806,8694,0.5871943806564907,0,0.0,0,0.0,6112,0.4128056193435094,6112,2,11.720549738219896,6.0,10.0,15.0,22.0,28.0,38.0,76,2,11.720549738219896,6.0,10.0,15.0,22.0,28.0,38.0,76
second_serve,year,2001,16722,9799,0.5859944982657577,0,0.0,0,0.0,6923,0.41400550173424233,6923,1,11.650873898598872,6.0,10.0,15.0,22.0,29.0,42.0,64,1,11.650873898598872,6.0,10.0,15.0,22.0,29.0,42.0,64
second_serve,year,2002,16964,10066,0.5933742041971233,0,0.0,0,0.0,6898,0.40662579580287667,6898,1,12.506088721368513,6.0,10.0,16.0,24.0,30.0,43.0,82,1,12.506088721368513,6.0,10.0,16.0,24.0,30.0,43.0,82
second_serve,year,2003,15272,9268,0.606862231534835,0,0.0,0,0.0,6004,0.393137768465165,6004,1,11.939373750832779,6.0,10.0,16.0,23.0,28.0,41.0,66,1,11.939373750832779,6.0,10.0,16.0,23.0,28.0,41.0,66
second_serve,year,2004,18666,11483,0.6151826850958962,0,0.0,0,0.0,7183,0.3848173149041037,7183,1,12.829180008353056,6.0,11.0,17.0,25.0,30.0,42.18000000000029,68,1,12.829180008353056,6.0,11.0,17.0,25.0,30.0,42.18000000000029,68
second_serve,year,2005,18839,11683,0.6201496894739635,0,0.0,0,0.0,7156,0.3798503105260364,7156,1,12.630380100614868,6.0,11.0,16.0,24.0,29.0,43.0,79,1,12.630380100614868,6.0,11.0,16.0,24.0,29.0,43.0,79
second_serve,year,2006,23369,14616,0.6254439642261115,0,0.0,0,0.0,8753,0.37455603577388846,8753,2,12.793556494916029,6.0,11.0,17.0,24.0,30.0,41.0,72,2,12.793556494916029,6.0,11.0,17.0,24.0,30.0,41.0,72
second_serve,year,2007,16318,10426,0.6389263390121338,0,0.0,1,6.128201985537444e-05,5891,0.3610123789680108,5892,1,13.06500339443313,7.0,11.0,17.0,24.0,30.0,42.0,99,0,13.064833672776647,7.0,11.0,17.0,24.0,30.0,42.0,99
second_serve,year,2008,17817,11145,0.6255261828590671,0,0.0,1,5.6126171633832856e-05,6671,0.374417690969299,6672,1,13.317895683453237,7.0,11.0,18.0,25.0,31.0,44.0,85,0,13.317745803357314,7.0,11.0,18.0,25.0,31.0,44.0,85
second_serve,year,2009,19292,12223,0.6335786854654779,0,0.0,0,0.0,7069,0.3664213145345221,7069,1,13.557504597538548,7.0,11.0,18.0,26.0,33.0,50.0,83,1,13.557080209364832,7.0,11.0,18.0,26.0,33.0,50.0,83
second_serve,year,2010,17382,10836,0.6234035208836728,0,0.0,1,5.753077896674721e-05,6545,0.3765389483373605,6546,1,12.747021081576536,6.0,11.0,17.0,25.0,30.0,44.0,72,0,12.746868316529179,6.0,11.0,17.0,25.0,30.0,44.0,72
second_serve,year,2011,19496,12217,0.6266413623307345,0,0.0,0,0.0,7279,0.37335863766926547,7279,1,14.166506388240142,7.0,12.0,18.0,28.0,34.0,49.0,81,1,14.166506388240142,7.0,12.0,18.0,28.0,34.0,49.0,81
second_serve,year,2012,24058,15110,0.6280655083548092,0,0.0,1,4.156621498046388e-05,8947,0.37189292543021035,8948,1,13.39450156459544,6.0,11.0,18.0,26.0,33.0,48.0,89,0,13.394389807778275,6.0,11.0,18.0,26.0,33.0,48.0,89
second_serve,year,2013,19555,12462,0.6372794681667093,0,0.0,1,5.113781641523907e-05,7092,0.3626693940168755,7093,1,13.211053150993937,6.0,11.0,17.0,26.0,32.0,47.0,94,0,13.210912166925137,6.0,11.0,17.0,26.0,32.0,47.0,94
second_serve,year,2014,27920,17523,0.6276146131805158,0,0.0,0,0.0,10397,0.37238538681948424,10397,1,12.265076464364721,6.0,10.0,16.0,24.0,30.0,45.0,84,1,12.264980282773877,6.0,10.0,16.0,24.0,30.0,45.0,84
second_serve,year,2015,43591,27201,0.6240049551512927,0,0.0,0,0.0,16390,0.3759950448487073,16390,1,11.852410006101282,5.0,10.0,16.0,23.0,29.0,42.0,99,1,11.852410006101282,5.0,10.0,16.0,23.0,29.0,42.0,99
second_serve,year,2016,27770,17091,0.6154483255311487,0,0.0,0,0.0,10679,0.3845516744688513,10679,1,12.002996535256111,5.0,10.0,16.0,23.0,30.0,42.0,79,1,12.002996535256111,5.0,10.0,16.0,23.0,30.0,42.0,79
second_serve,year,2017,37844,23813,0.6292410950216679,0,0.0,1,2.6424268047775077e-05,14030,0.3707324807102843,14031,1,12.237616705865584,5.0,10.0,16.0,24.0,30.0,44.0,101,0,12.237545435107975,5.0,10.0,16.0,24.0,30.0,44.0,101
second_serve,year,2018,43355,27138,0.6259485641794488,0,0.0,3,6.919617114519663e-05,16214,0.3739822396494061,16217,1,12.334957143738052,5.0,10.0,16.0,24.0,31.0,44.0,95,0,12.334155515816736,5.0,10.0,16.0,24.0,31.0,44.0,95
second_serve,year,2019,95959,59788,0.6230577642534832,0,0.0,7,7.294782146541752e-05,36164,0.3768692879250513,36171,1,12.91169721600177,5.0,10.0,17.0,26.0,32.0,49.0,113,0,12.911503690802023,5.0,10.0,17.0,26.0,32.0,49.0,113
second_serve,year,2020,31107,19701,0.633330118622818,0,0.0,3,9.644131545954287e-05,11403,0.36657344006172243,11406,1,14.182535507627565,5.0,11.0,18.0,29.0,38.0,57.0,119,0,14.182272488164124,5.0,11.0,18.0,29.0,38.0,57.0,119
second_serve,year,2021,60816,38275,0.6293574059458037,0,0.0,1,1.644304130491976e-05,22540,0.37062615101289137,22541,1,13.609245375094273,5.0,11.0,18.0,28.0,35.0,54.0,136,0,13.609201011490173,5.0,11.0,18.0,28.0,35.0,54.0,136
second_serve,year,2022,105721,66903,0.6328260232120393,0,0.0,4,3.783543477643987e-05,38814,0.36713614135318434,38818,1,13.35911175227987,5.0,11.0,18.0,27.0,35.0,53.0,137,0,13.359008707300736,5.0,11.0,18.0,27.0,35.0,53.0,137
second_serve,year,2023,104702,66091,0.6312295849171936,0,0.0,1,9.550915932837959e-06,38610,0.3687608641668736,38611,1,13.792416668824947,6.0,11.0,18.0,28.0,36.0,56.0,210,0,13.792364870114735,6.0,11.0,18.0,28.0,36.0,56.0,210
second_serve,year,2024,121256,76006,0.6268225902223395,0,0.0,7,5.772910206505245e-05,45243,0.3731196806755954,45250,1,13.071955801104972,6.0,11.0,17.0,26.0,32.0,49.0,119,0,13.071801104972376,6.0,11.0,17.0,26.0,32.0,49.0,119
second_serve,year,2025,95305,60299,0.6326950317402025,0,0.0,1,1.0492628928177955e-05,35005,0.3672944756308693,35006,1,12.75089984574073,5.0,10.0,17.0,25.0,32.0,48.0,125,0,12.750842712677827,5.0,10.0,17.0,25.0,32.0,48.0,125
second_serve,year,2026,28087,17930,0.6383736248086304,0,0.0,0,0.0,10157,0.3616263751913697,10157,1,13.042926060844737,6.0,11.0,17.0,26.0,32.0,48.0,100,1,13.042926060844737,6.0,11.0,17.0,26.0,32.0,48.0,100
second_serve,derived_period,to_2009,376484,230481,0.6121933468620181,0,0.0,4,1.0624621497859138e-05,145999,0.3877960285164841,146003,1,11.902296528153531,6.0,10.0,15.0,22.0,28.0,42.0,136,0,11.902173243015554,6.0,10.0,15.0,22.0,28.0,42.0,136
second_serve,derived_period,2010s,356930,223179,0.6252738632224806,0,0.0,14,3.922337713277113e-05,133737,0.3746869134003866,133751,1,12.626836434867776,5.0,10.0,16.0,25.0,31.0,46.0,113,0,12.626649520377418,5.0,10.0,16.0,25.0,31.0,46.0,113
second_serve,derived_period,2020s,546994,345205,0.6310946737989813,0,0.0,17,3.107895150586661e-05,201772,0.3688742472495128,201789,1,13.330687004742577,5.0,11.0,17.0,27.0,34.0,52.0,210,0,13.33059284698373,5.0,11.0,17.0,27.0,34.0,52.0,210
