dimension,serve_number,direction,surface,derived_period,validation_fold,analysis_state,attempts,matches,servers,explicit_tagged_attempts,eligible_attempts,unknown_attempts,censored_attempts,not_explicitly_tagged_attempts,share_of_attempts,coverage_denominator,coverage_rate
total,0,ALL,ALL,ALL,ALL,ALL,1426863,5993,870,130981,130963,767363,528537,0,1.0,1426863,0.09178386432334429
serve_number,1,ALL,ALL,ALL,ALL,ALL,1035760,5993,870,96343,96326,450455,488979,0,0.725900103934295,1035760,0.09300030895188074
serve_number,2,ALL,ALL,ALL,ALL,ALL,391103,5993,870,34638,34637,316908,39558,0,0.27409989606570495,391103,0.08856234802596759
direction,0,wide,ALL,ALL,ALL,ALL,624548,5993,870,62215,62215,326416,235917,0,0.437707053865718,624548,0.09961604232180712
direction,0,body,ALL,ALL,ALL,ALL,236684,5992,870,23534,23534,175172,37978,0,0.16587717251060544,236684,0.09943215426475807
direction,0,T,ALL,ALL,ALL,ALL,549482,5993,870,45214,45214,263922,240346,0,0.3850979386248014,549482,0.08228477001976407
direction,0,unknown,ALL,ALL,ALL,ALL,16149,1934,497,18,0,1853,14296,0,0.011317834998875155,16149,0.0
surface,0,ALL,Hard,ALL,ALL,ALL,896425,3849,643,73410,73399,484068,338958,0,0.6282488227671472,896425,0.08187968876370025
surface,0,ALL,Clay,ALL,ALL,ALL,332878,1439,499,14099,14097,203652,115129,0,0.23329359581123066,332878,0.042348848527088
surface,0,ALL,Grass,ALL,ALL,ALL,197560,705,316,43472,43467,79643,74450,0,0.13845758142162212,197560,0.22001923466288723
derived_period,0,ALL,ALL,to_2009,ALL,ALL,522483,1956,357,95255,95247,229294,197942,0,0.36617600989022775,522483,0.18229684027997084
derived_period,0,ALL,ALL,2010s,ALL,ALL,490667,2232,412,19062,19058,293248,178361,0,0.34387814387225685,490667,0.03884100622214251
derived_period,0,ALL,ALL,2020s,ALL,ALL,413713,1805,332,16664,16658,244821,152234,0,0.28994584623751546,413713,0.040264627894216524
validation_fold,0,ALL,ALL,ALL,pre_validation,ALL,1013150,4188,709,114317,114305,522542,376303,0,0.7100541537624846,1013150,0.11282139860830084
validation_fold,0,ALL,ALL,ALL,validation_2020,ALL,42510,168,113,1357,1356,26098,15056,0,0.02979262900502711,42510,0.031898376852505295
validation_fold,0,ALL,ALL,ALL,validation_2021,ALL,83356,371,166,3277,3275,50284,29797,0,0.05841906335786968,83356,0.03928931330678056
validation_fold,0,ALL,ALL,ALL,validation_2022,ALL,144535,646,220,6440,6437,84475,53623,0,0.1012956394552245,144535,0.044535925554363996
validation_fold,0,ALL,ALL,ALL,validation_2023,ALL,143312,620,178,5590,5590,83964,53758,0,0.10043851441939415,143312,0.03900580551523948
serve_number_state,1,ALL,ALL,ALL,ALL,positive_tagged,96326,4920,675,96326,96326,0,0,0,0.06750893393409178,96326,1.0
serve_number_state,1,ALL,ALL,ALL,ALL,unknown,450455,5946,853,17,0,450455,0,0,0.3156960408953067,450455,0.0
serve_number_state,1,ALL,ALL,ALL,ALL,ineligible_censored,488979,5992,870,0,0,0,488979,0,0.3426951291048965,488979,0.0
serve_number_state,2,ALL,ALL,ALL,ALL,positive_tagged,34637,2870,438,34637,34637,0,0,0,0.024274930389252505,34637,1.0
serve_number_state,2,ALL,ALL,ALL,ALL,unknown,316908,5946,853,1,0,316908,0,0,0.2221012108380412,316908,0.0
serve_number_state,2,ALL,ALL,ALL,ALL,ineligible_censored,39558,5905,835,0,0,0,39558,0,0.027723754838411257,39558,0.0
serve_number_direction_state,1,wide,ALL,ALL,ALL,positive_tagged,49645,4693,652,49645,49645,0,0,0,0.034793109079147753,49645,1.0
serve_number_direction_state,1,wide,ALL,ALL,ALL,unknown,210089,5883,836,0,0,210089,0,0,0.14723838238149003,210089,0.0
serve_number_direction_state,1,wide,ALL,ALL,ALL,ineligible_censored,220978,5988,868,0,0,0,220978,0,0.1548698088043491,220978,0.0
serve_number_direction_state,1,body,ALL,ALL,ALL,positive_tagged,12204,2081,408,12204,12204,0,0,0,0.008553028566863111,12204,1.0
serve_number_direction_state,1,body,ALL,ALL,ALL,unknown,59546,5628,809,0,0,59546,0,0,0.04173210742727228,59546,0.0
serve_number_direction_state,1,body,ALL,ALL,ALL,ineligible_censored,28156,5370,817,0,0,0,28156,0,0.019732798453670746,28156,0.0
serve_number_direction_state,1,T,ALL,ALL,ALL,positive_tagged,34477,3311,519,34477,34477,0,0,0,0.024162796288080917,34477,1.0
serve_number_direction_state,1,T,ALL,ALL,ALL,unknown,179210,5878,838,0,0,179210,0,0,0.12559720169350527,179210,0.0
serve_number_direction_state,1,T,ALL,ALL,ALL,ineligible_censored,225586,5987,868,0,0,0,225586,0,0.15809927091809095,225586,0.0
serve_number_direction_state,1,unknown,ALL,ALL,ALL,unknown,1610,710,250,17,0,1610,0,0,0.0011283493930391356,1610,0.0
serve_number_direction_state,1,unknown,ALL,ALL,ALL,ineligible_censored,14259,1494,438,0,0,0,14259,0,0.009993250928785734,14259,0.0
serve_number_direction_state,2,wide,ALL,ALL,ALL,positive_tagged,12570,2267,380,12570,12570,0,0,0,0.008809535323293127,12570,1.0
serve_number_direction_state,2,wide,ALL,ALL,ALL,unknown,116327,5925,836,0,0,116327,0,0,0.08152639741867299,116327,0.0
serve_number_direction_state,2,wide,ALL,ALL,ALL,ineligible_censored,14939,5082,709,0,0,0,14939,0,0.010469820858764998,14939,0.0
serve_number_direction_state,2,body,ALL,ALL,ALL,positive_tagged,11330,1547,301,11330,11330,0,0,0,0.007940496039213296,11330,1.0
serve_number_direction_state,2,body,ALL,ALL,ALL,unknown,115626,5896,843,0,0,115626,0,0,0.08103510988791496,115626,0.0
serve_number_direction_state,2,body,ALL,ALL,ALL,ineligible_censored,9822,4211,678,0,0,0,9822,0,0.006883632135671049,9822,0.0
serve_number_direction_state,2,T,ALL,ALL,ALL,positive_tagged,10737,1829,311,10737,10737,0,0,0,0.007524899026746086,10737,1.0
serve_number_direction_state,2,T,ALL,ALL,ALL,unknown,84712,5867,822,0,0,84712,0,0,0.05936939986529891,84712,0.0
serve_number_direction_state,2,T,ALL,ALL,ALL,ineligible_censored,14760,4990,714,0,0,0,14760,0,0.01034437083307928,14760,0.0
serve_number_direction_state,2,unknown,ALL,ALL,ALL,unknown,243,163,116,1,0,243,0,0,0.000170303666154354,243,0.0
serve_number_direction_state,2,unknown,ALL,ALL,ALL,ineligible_censored,37,29,27,0,0,0,37,0,2.5931010895930442e-05,37,0.0
surface_state,0,ALL,Hard,ALL,ALL,positive_tagged,73399,3274,520,73399,73399,0,0,0,0.0514408180743351,73399,1.0
surface_state,0,ALL,Hard,ALL,ALL,unknown,484068,3848,643,11,0,484068,0,0,0.339253313037061,484068,0.0
surface_state,0,ALL,Hard,ALL,ALL,ineligible_censored,338958,3849,643,0,0,0,338958,0,0.2375546916557511,338958,0.0
surface_state,0,ALL,Clay,ALL,ALL,positive_tagged,14097,1119,358,14097,14097,0,0,0,0.0098797151513495,14097,1.0
surface_state,0,ALL,Clay,ALL,ALL,unknown,203652,1439,498,2,0,203652,0,0,0.14272708732373046,203652,0.0
surface_state,0,ALL,Clay,ALL,ALL,ineligible_censored,115129,1439,499,0,0,0,115129,0,0.0806867933361507,115129,0.0
surface_state,0,ALL,Grass,ALL,ALL,positive_tagged,43467,663,283,43467,43467,0,0,0,0.030463331097659693,43467,1.0
surface_state,0,ALL,Grass,ALL,ALL,unknown,79643,686,304,5,0,79643,0,0,0.05581685137255644,79643,0.0
surface_state,0,ALL,Grass,ALL,ALL,ineligible_censored,74450,705,316,0,0,0,74450,0,0.05217739895140599,74450,0.0
derived_period_state,0,ALL,ALL,to_2009,ALL,positive_tagged,95247,1827,319,95247,95247,0,0,0,0.06675272958931586,95247,1.0
derived_period_state,0,ALL,ALL,to_2009,ALL,unknown,229294,1936,349,8,0,229294,0,0,0.16069797871274258,229294,0.0
derived_period_state,0,ALL,ALL,to_2009,ALL,ineligible_censored,197942,1956,357,0,0,0,197942,0,0.1387253015881693,197942,0.0
derived_period_state,0,ALL,ALL,2010s,ALL,positive_tagged,19058,1730,299,19058,19058,0,0,0,0.013356573125801146,19058,1.0
derived_period_state,0,ALL,ALL,2010s,ALL,unknown,293248,2232,412,4,0,293248,0,0,0.2055193806272922,293248,0.0
derived_period_state,0,ALL,ALL,2010s,ALL,ineligible_censored,178361,2232,412,0,0,0,178361,0,0.1250021901191635,178361,0.0
derived_period_state,0,ALL,ALL,2020s,ALL,positive_tagged,16658,1499,246,16658,16658,0,0,0,0.01167456160822728,16658,1.0
derived_period_state,0,ALL,ALL,2020s,ALL,unknown,244821,1805,332,6,0,244821,0,0,0.17157989239331317,244821,0.0
derived_period_state,0,ALL,ALL,2020s,ALL,ineligible_censored,152234,1805,332,0,0,0,152234,0,0.106691392235975,152234,0.0
